Country,Beverage Types,Year,"Alcohol, recorded per capita (15+) consumption (in litres of pure alcohol)"
Afghanistan, All types,2010,0.01
Afghanistan, All types,2011,0.01
Afghanistan, All types,2012,0.01
Afghanistan, All types,2013,0.01
Afghanistan, All types,2014,0.01
Afghanistan, All types,2015,0
Afghanistan, All types,2016,0.02
Afghanistan, All types,2017,0.01
Afghanistan, All types,2018,0.01
Albania, All types,2010,5.28
Albania, All types,2011,5.42
Albania, All types,2012,4.74
Albania, All types,2013,4.54
Albania, All types,2014,4.33
Albania, All types,2015,4.54
Albania, All types,2016,4.67
Albania, All types,2017,4.75
Albania, All types,2018,4.7
Algeria, All types,2010,0.35
Algeria, All types,2011,0.4
Algeria, All types,2012,0.43
Algeria, All types,2013,0.5
Algeria, All types,2014,0.54
Algeria, All types,2015,0.58
Algeria, All types,2016,0.6
Algeria, All types,2017,0.58
Algeria, All types,2018,0.58
Andorra, All types,2010,10.58
Andorra, All types,2011,10.46
Andorra, All types,2012,10.34
Andorra, All types,2013,10.07
Andorra, All types,2014,9.89
Andorra, All types,2015,9.85
Andorra, All types,2016,9.94
Andorra, All types,2017,9.93
Andorra, All types,2018,9.75
Angola, All types,2010,6.83
Angola, All types,2011,6.95
Angola, All types,2012,7.14
Angola, All types,2013,7.01
Angola, All types,2014,7.49
Angola, All types,2015,5.94
Angola, All types,2016,5.38
Angola, All types,2017,5.47
Angola, All types,2018,5.35
Antigua and Barbuda, All types,2010,7.41
Antigua and Barbuda, All types,2011,7.28
Antigua and Barbuda, All types,2012,7.44
Antigua and Barbuda, All types,2013,7.62
Antigua and Barbuda, All types,2014,7.39
Antigua and Barbuda, All types,2015,7.59
Antigua and Barbuda, All types,2016,7.55
Antigua and Barbuda, All types,2017,7.73
Antigua and Barbuda, All types,2018,8.72
Argentina, All types,2010,8.15
Argentina, All types,2011,7.61
Argentina, All types,2012,7.92
Argentina, All types,2013,8.2
Argentina, All types,2014,7.87
Argentina, All types,2015,8.43
Argentina, All types,2016,8.31
Argentina, All types,2017,8.22
Argentina, All types,2018,8.22
Armenia, All types,2010,4.23
Armenia, All types,2011,4.07
Armenia, All types,2012,3.89
Armenia, All types,2013,3.92
Armenia, All types,2014,4.22
Armenia, All types,2015,4.04
Armenia, All types,2016,3.82
Armenia, All types,2017,3.83
Armenia, All types,2018,3.71
Australia, All types,2010,10.52
Australia, All types,2011,10.3
Australia, All types,2012,10.03
Australia, All types,2013,10
Australia, All types,2014,9.9
Australia, All types,2015,9.68
Australia, All types,2016,9.79
Australia, All types,2017,9.49
Australia, All types,2018,9.51
Austria, All types,2010,12.1
Austria, All types,2011,11.9
Austria, All types,2012,12.1
Austria, All types,2013,11.6
Austria, All types,2014,12.2
Austria, All types,2015,11.6
Austria, All types,2016,11.7
Austria, All types,2017,11.7
Austria, All types,2018,11.8
Azerbaijan, All types,2010,1.92
Azerbaijan, All types,2011,1.97
Azerbaijan, All types,2012,2.01
Azerbaijan, All types,2013,2.08
Azerbaijan, All types,2014,2
Azerbaijan, All types,2015,4.14
Azerbaijan, All types,2016,3.05
Azerbaijan, All types,2017,2.92
Azerbaijan, All types,2018,2.92
Bahamas, All types,2010,8.72
Bahamas, All types,2011,8.81
Bahamas, All types,2012,8.72
Bahamas, All types,2013,8.64
Bahamas, All types,2014,8.78
Bahamas, All types,2015,8.71
Bahamas, All types,2016,8.69
Bahamas, All types,2017,8.84
Bahamas, All types,2018,8.9
Bahrain, All types,2010,1.96
Bahrain, All types,2011,1.66
Bahrain, All types,2012,1.72
Bahrain, All types,2013,1.65
Bahrain, All types,2014,1.57
Bahrain, All types,2015,1.53
Bahrain, All types,2016,1.39
Bahrain, All types,2017,1.25
Bahrain, All types,2018,1.23
Bangladesh, All types,2010,0
Bangladesh, All types,2011,0
Bangladesh, All types,2012,0
Bangladesh, All types,2013,0
Bangladesh, All types,2014,0
Bangladesh, All types,2015,0
Bangladesh, All types,2016,0
Bangladesh, All types,2017,0
Bangladesh, All types,2018,0
Barbados, All types,2010,8.25
Barbados, All types,2011,8.39
Barbados, All types,2012,8.59
Barbados, All types,2013,8.63
Barbados, All types,2014,8.86
Barbados, All types,2015,9
Barbados, All types,2016,9.27
Barbados, All types,2017,9.39
Barbados, All types,2018,9.35
Belarus, All types,2010,14.34
Belarus, All types,2011,14.41
Belarus, All types,2012,13.47
Belarus, All types,2013,12.49
Belarus, All types,2014,11.21
Belarus, All types,2015,9.72
Belarus, All types,2016,9.7
Belarus, All types,2017,9.75
Belarus, All types,2018,10.09
Belgium, All types,2010,10.27
Belgium, All types,2011,10.14
Belgium, All types,2012,10.09
Belgium, All types,2013,10.33
Belgium, All types,2014,10.57
Belgium, All types,2015,10.36
Belgium, All types,2016,9.42
Belgium, All types,2017,9.42
Belgium, All types,2018,9.42
Belize, All types,2010,6.43
Belize, All types,2011,6.29
Belize, All types,2012,6.25
Belize, All types,2013,6.17
Belize, All types,2014,6.19
Belize, All types,2015,6.26
Belize, All types,2016,6.11
Belize, All types,2017,5.76
Belize, All types,2018,5.61
Benin, All types,2010,1.42
Benin, All types,2011,1.5
Benin, All types,2012,1.48
Benin, All types,2013,1.44
Benin, All types,2014,1.59
Benin, All types,2015,1.56
Benin, All types,2016,1.46
Benin, All types,2017,1.37
Benin, All types,2018,1.37
Bhutan, All types,2010,0.22
Bhutan, All types,2011,0.23
Bhutan, All types,2012,0.3
Bhutan, All types,2013,0.28
Bhutan, All types,2014,0.19
Bhutan, All types,2015,0.04
Bhutan, All types,2016,0.02
Bhutan, All types,2017,0.06
Bhutan, All types,2018,0.06
Bolivia, All types,2010,3.71
Bolivia, All types,2011,3.64
Bolivia, All types,2012,3.58
Bolivia, All types,2013,3.53
Bolivia, All types,2014,3.48
Bolivia, All types,2015,3.44
Bolivia, All types,2016,3.41
Bolivia, All types,2017,3.34
Bolivia, All types,2018,3.34
Bosnia and Herzegovina, All types,2010,4.55
Bosnia and Herzegovina, All types,2011,4.67
Bosnia and Herzegovina, All types,2012,4.76
Bosnia and Herzegovina, All types,2013,4.59
Bosnia and Herzegovina, All types,2014,4.64
Bosnia and Herzegovina, All types,2015,4.73
Bosnia and Herzegovina, All types,2016,4.81
Bosnia and Herzegovina, All types,2017,4.97
Bosnia and Herzegovina, All types,2018,4.99
Botswana, All types,2010,5.69
Botswana, All types,2011,6.1
Botswana, All types,2012,5.22
Botswana, All types,2013,4.81
Botswana, All types,2014,4.97
Botswana, All types,2015,5.12
Botswana, All types,2016,5.14
Botswana, All types,2017,4.8
Botswana, All types,2018,4.81
Brazil, All types,2010,7.12
Brazil, All types,2011,7.11
Brazil, All types,2012,7.08
Brazil, All types,2013,6.82
Brazil, All types,2014,6.88
Brazil, All types,2015,6.59
Brazil, All types,2016,6.33
Brazil, All types,2017,6.24
Brazil, All types,2018,6.19
Brunei Darussalam, All types,2010,0.88
Brunei Darussalam, All types,2011,0.92
Brunei Darussalam, All types,2012,0.67
Brunei Darussalam, All types,2013,0.69
Brunei Darussalam, All types,2014,0.67
Brunei Darussalam, All types,2015,0.67
Brunei Darussalam, All types,2016,0.66
Brunei Darussalam, All types,2017,0.66
Brunei Darussalam, All types,2018,0.66
Bulgaria, All types,2010,10.16
Bulgaria, All types,2011,10.22
Bulgaria, All types,2012,11.23
Bulgaria, All types,2013,10.67
Bulgaria, All types,2014,10.65
Bulgaria, All types,2015,11.24
Bulgaria, All types,2016,11.48
Bulgaria, All types,2017,11.28
Bulgaria, All types,2018,11.42
Burkina Faso, All types,2010,5.51
Burkina Faso, All types,2011,5.43
Burkina Faso, All types,2012,5.69
Burkina Faso, All types,2013,5.56
Burkina Faso, All types,2014,7.04
Burkina Faso, All types,2015,7.12
Burkina Faso, All types,2016,7.11
Burkina Faso, All types,2017,7.2
Burkina Faso, All types,2018,7.2
Burundi, All types,2010,4.48
Burundi, All types,2011,4.45
Burundi, All types,2012,4.22
Burundi, All types,2013,3.88
Burundi, All types,2014,3.86
Burundi, All types,2015,3.92
Burundi, All types,2016,3.89
Burundi, All types,2017,4
Burundi, All types,2018,4
Cabo Verde, All types,2010,4.81
Cabo Verde, All types,2011,5.14
Cabo Verde, All types,2012,5.05
Cabo Verde, All types,2013,3.82
Cabo Verde, All types,2014,4.17
Cabo Verde, All types,2015,4.39
Cabo Verde, All types,2016,4.11
Cabo Verde, All types,2017,4.13
Cabo Verde, All types,2018,4.13
Cambodia, All types,2010,2.16
Cambodia, All types,2011,2.4
Cambodia, All types,2012,2.52
Cambodia, All types,2013,2.8
Cambodia, All types,2014,3.06
Cambodia, All types,2015,3.34
Cambodia, All types,2016,3.5
Cambodia, All types,2017,3.7
Cambodia, All types,2018,3.7
Cameroon, All types,2010,5.96
Cameroon, All types,2011,5.98
Cameroon, All types,2012,6.52
Cameroon, All types,2013,6.66
Cameroon, All types,2014,4.77
Cameroon, All types,2015,4.59
Cameroon, All types,2016,4.15
Cameroon, All types,2017,4.19
Cameroon, All types,2018,4.19
Canada, All types,2010,8.3
Canada, All types,2011,8.2
Canada, All types,2012,8.3
Canada, All types,2013,8.2
Canada, All types,2014,8
Canada, All types,2015,8
Canada, All types,2016,8.1
Canada, All types,2017,8.2
Canada, All types,2018,8.2
Central African Republic, All types,2010,1.87
Central African Republic, All types,2011,1.89
Central African Republic, All types,2012,1.87
Central African Republic, All types,2013,1.62
Central African Republic, All types,2014,0.75
Central African Republic, All types,2015,0.87
Central African Republic, All types,2016,0.87
Central African Republic, All types,2017,0.88
Central African Republic, All types,2018,0.88
Chad, All types,2010,1.04
Chad, All types,2011,1.02
Chad, All types,2012,1
Chad, All types,2013,0.62
Chad, All types,2014,0.5
Chad, All types,2015,0.5
Chad, All types,2016,0.5
Chad, All types,2017,0.42
Chad, All types,2018,0.42
Chile, All types,2010,7.55
Chile, All types,2011,7.02
Chile, All types,2012,8.35
Chile, All types,2013,7.23
Chile, All types,2014,7.92
Chile, All types,2015,7.89
Chile, All types,2016,7.78
Chile, All types,2017,7.84
Chile, All types,2018,7.84
China, All types,2010,5.75
China, All types,2011,5.57
China, All types,2012,5.69
China, All types,2013,5.76
China, All types,2014,5.76
China, All types,2015,5.66
China, All types,2016,5.63
China, All types,2017,5.64
China, All types,2018,5.62
Colombia, All types,2010,4.19
Colombia, All types,2011,4.28
Colombia, All types,2012,4.36
Colombia, All types,2013,4.33
Colombia, All types,2014,4.34
Colombia, All types,2015,4.48
Colombia, All types,2016,4.54
Colombia, All types,2017,4.33
Colombia, All types,2018,4.29
Comoros, All types,2010,0.14
Comoros, All types,2011,0.11
Comoros, All types,2012,0.11
Comoros, All types,2013,0.25
Comoros, All types,2014,0.19
Comoros, All types,2015,0.23
Comoros, All types,2016,0.23
Comoros, All types,2017,0.23
Comoros, All types,2018,0.23
Congo-Brazzaville, All types,2010,3.94
Congo-Brazzaville, All types,2011,4.12
Congo-Brazzaville, All types,2012,4.27
Congo-Brazzaville, All types,2013,4.34
Congo-Brazzaville, All types,2014,4.49
Congo-Brazzaville, All types,2015,4.39
Congo-Brazzaville, All types,2016,5.86
Congo-Brazzaville, All types,2017,5.68
Congo-Brazzaville, All types,2018,5.75
Congo-Kinshasa, All types,2010,0.63
Congo-Kinshasa, All types,2011,0.71
Congo-Kinshasa, All types,2012,0.73
Congo-Kinshasa, All types,2013,0.83
Congo-Kinshasa, All types,2014,0.8
Congo-Kinshasa, All types,2015,0.6
Congo-Kinshasa, All types,2016,0.61
Congo-Kinshasa, All types,2017,0.58
Congo-Kinshasa, All types,2018,0.58
Costa Rica, All types,2010,3.75
Costa Rica, All types,2011,3.58
Costa Rica, All types,2012,3.51
Costa Rica, All types,2013,3.6
Costa Rica, All types,2014,3.64
Costa Rica, All types,2015,3.72
Costa Rica, All types,2016,3.77
Costa Rica, All types,2017,3.84
Costa Rica, All types,2018,3.79
Croatia, All types,2010,11.1
Croatia, All types,2011,11.4
Croatia, All types,2012,10.96
Croatia, All types,2013,10.76
Croatia, All types,2014,9.87
Croatia, All types,2015,9.99
Croatia, All types,2016,10.39
Croatia, All types,2017,10.06
Croatia, All types,2018,10.1
Cuba, All types,2010,4.07
Cuba, All types,2011,4.11
Cuba, All types,2012,4.09
Cuba, All types,2013,4.13
Cuba, All types,2014,4.3
Cuba, All types,2015,4.42
Cuba, All types,2016,4.35
Cuba, All types,2017,4.46
Cuba, All types,2018,4.5
Cyprus, All types,2010,11.33
Cyprus, All types,2011,10.71
Cyprus, All types,2012,10.58
Cyprus, All types,2013,9.07
Cyprus, All types,2014,9.63
Cyprus, All types,2015,9.59
Cyprus, All types,2016,9.59
Cyprus, All types,2017,9.59
Cyprus, All types,2018,9.59
Czech Republic, All types,2010,12.68
Czech Republic, All types,2011,12.56
Czech Republic, All types,2012,12.82
Czech Republic, All types,2013,12.53
Czech Republic, All types,2014,12.74
Czech Republic, All types,2015,12.76
Czech Republic, All types,2016,12.93
Czech Republic, All types,2017,12.93
Czech Republic, All types,2018,12.93
Denmark, All types,2010,10.27
Denmark, All types,2011,10.45
Denmark, All types,2012,9.23
Denmark, All types,2013,9.44
Denmark, All types,2014,9.56
Denmark, All types,2015,9.42
Denmark, All types,2016,9.51
Denmark, All types,2017,9.3
Denmark, All types,2018,9.31
Djibouti, All types,2010,0.49
Djibouti, All types,2011,0.39
Djibouti, All types,2012,0.41
Djibouti, All types,2013,0.36
Djibouti, All types,2014,0.33
Djibouti, All types,2015,0.32
Djibouti, All types,2016,0.33
Djibouti, All types,2017,0.28
Djibouti, All types,2018,0.25
Dominica, All types,2010,10.22
Dominica, All types,2011,10.11
Dominica, All types,2012,10.1
Dominica, All types,2013,10.2
Dominica, All types,2014,9.99
Dominica, All types,2015,9.97
Dominica, All types,2016,9.88
Dominica, All types,2017,9.63
Dominica, All types,2018,9.63
Dominican Republic, All types,2010,5.54
Dominican Republic, All types,2011,5.48
Dominican Republic, All types,2012,5.52
Dominican Republic, All types,2013,5.53
Dominican Republic, All types,2014,5.47
Dominican Republic, All types,2015,5.59
Dominican Republic, All types,2016,5.55
Dominican Republic, All types,2017,5.6
Dominican Republic, All types,2018,5.54
Ecuador, All types,2010,4.28
Ecuador, All types,2011,4.21
Ecuador, All types,2012,4.12
Ecuador, All types,2013,3.98
Ecuador, All types,2014,3.98
Ecuador, All types,2015,3.88
Ecuador, All types,2016,3.34
Ecuador, All types,2017,3.08
Ecuador, All types,2018,3.16
Egypt, All types,2010,0.2
Egypt, All types,2011,0.19
Egypt, All types,2012,0.19
Egypt, All types,2013,0.19
Egypt, All types,2014,0.19
Egypt, All types,2015,0.18
Egypt, All types,2016,0.15
Egypt, All types,2017,0.13
Egypt, All types,2018,0.13
El Salvador, All types,2010,2.29
El Salvador, All types,2011,2.31
El Salvador, All types,2012,2.41
El Salvador, All types,2013,2.34
El Salvador, All types,2014,2.45
El Salvador, All types,2015,2.54
El Salvador, All types,2016,2.64
El Salvador, All types,2017,2.81
El Salvador, All types,2018,2.82
Equatorial Guinea, All types,2010,8.88
Equatorial Guinea, All types,2011,9.3
Equatorial Guinea, All types,2012,9.71
Equatorial Guinea, All types,2013,8.88
Equatorial Guinea, All types,2014,8.57
Equatorial Guinea, All types,2015,8.05
Equatorial Guinea, All types,2016,7.26
Equatorial Guinea, All types,2017,5.98
Equatorial Guinea, All types,2018,5.68
Eritrea, All types,2010,0.84
Eritrea, All types,2011,0.88
Eritrea, All types,2012,0.75
Eritrea, All types,2013,0.74
Eritrea, All types,2014,0.73
Eritrea, All types,2015,0.72
Eritrea, All types,2016,0.68
Eritrea, All types,2017,0.67
Eritrea, All types,2018,0.67
Estonia, All types,2010,14.83
Estonia, All types,2011,16.18
Estonia, All types,2012,16.91
Estonia, All types,2013,17.77
Estonia, All types,2014,17.35
Estonia, All types,2015,16.7
Estonia, All types,2016,15.95
Estonia, All types,2017,13.27
Estonia, All types,2018,11.2
Ethiopia, All types,2010,0.31
Ethiopia, All types,2011,0.35
Ethiopia, All types,2012,0.44
Ethiopia, All types,2013,0.46
Ethiopia, All types,2014,0.53
Ethiopia, All types,2015,0.62
Ethiopia, All types,2016,0.86
Ethiopia, All types,2017,0.95
Ethiopia, All types,2018,0.95
Fiji, All types,2010,2.25
Fiji, All types,2011,2.13
Fiji, All types,2012,2.24
Fiji, All types,2013,2.51
Fiji, All types,2014,2.49
Fiji, All types,2015,2.43
Fiji, All types,2016,2.41
Fiji, All types,2017,2.42
Fiji, All types,2018,2.42
Finland, All types,2010,9.72
Finland, All types,2011,9.81
Finland, All types,2012,9.27
Finland, All types,2013,9.08
Finland, All types,2014,8.76
Finland, All types,2015,8.52
Finland, All types,2016,8.44
Finland, All types,2017,8.37
Finland, All types,2018,8.37
France, All types,2010,12.3
France, All types,2011,12.35
France, All types,2012,12.22
France, All types,2013,11.73
France, All types,2014,12.07
France, All types,2015,11.87
France, All types,2016,11.74
France, All types,2017,11.69
France, All types,2018,11.24
Gabon, All types,2010,8.23
Gabon, All types,2011,7.9
Gabon, All types,2012,7.41
Gabon, All types,2013,7.6
Gabon, All types,2014,8.24
Gabon, All types,2015,8.15
Gabon, All types,2016,7.5
Gabon, All types,2017,7.19
Gabon, All types,2018,7.16
Gambia, All types,2010,3.06
Gambia, All types,2011,2.92
Gambia, All types,2012,2.96
Gambia, All types,2013,2.89
Gambia, All types,2014,2.93
Gambia, All types,2015,2.96
Gambia, All types,2016,2.79
Gambia, All types,2017,2.8
Gambia, All types,2018,2.8
Georgia, All types,2010,7.53
Georgia, All types,2011,8.12
Georgia, All types,2012,7.12
Georgia, All types,2013,6.7
Georgia, All types,2014,6.86
Georgia, All types,2015,7.52
Georgia, All types,2016,7.51
Georgia, All types,2017,5.83
Georgia, All types,2018,5.44
Germany, All types,2010,11.21
Germany, All types,2011,11.32
Germany, All types,2012,11.31
Germany, All types,2013,11.07
Germany, All types,2014,11.06
Germany, All types,2015,11.05
Germany, All types,2016,10.93
Germany, All types,2017,10.81
Germany, All types,2018,10.81
Ghana, All types,2010,1.73
Ghana, All types,2011,1.84
Ghana, All types,2012,1.91
Ghana, All types,2013,1.89
Ghana, All types,2014,1.88
Ghana, All types,2015,1.84
Ghana, All types,2016,1.62
Ghana, All types,2017,1.67
Ghana, All types,2018,1.56
Greece, All types,2010,8.2
Greece, All types,2011,7.34
Greece, All types,2012,7.5
Greece, All types,2013,7.44
Greece, All types,2014,6.96
Greece, All types,2015,6.57
Greece, All types,2016,6.37
Greece, All types,2017,6.4
Greece, All types,2018,6.1
Grenada, All types,2010,8.36
Grenada, All types,2011,8.37
Grenada, All types,2012,8.51
Grenada, All types,2013,8.53
Grenada, All types,2014,8.54
Grenada, All types,2015,8.69
Grenada, All types,2016,8.87
Grenada, All types,2017,9.12
Grenada, All types,2018,9.14
Guatemala, All types,2010,2.02
Guatemala, All types,2011,2.04
Guatemala, All types,2012,1.9
Guatemala, All types,2013,1.82
Guatemala, All types,2014,1.68
Guatemala, All types,2015,1.64
Guatemala, All types,2016,1.59
Guatemala, All types,2017,1.6
Guatemala, All types,2018,1.62
Guinea, All types,2010,0.2
Guinea, All types,2011,0.22
Guinea, All types,2012,0.23
Guinea, All types,2013,0.24
Guinea, All types,2014,0.31
Guinea, All types,2015,0.37
Guinea, All types,2016,0.35
Guinea, All types,2017,0.31
Guinea, All types,2018,0.31
Guinea-Bissau, All types,2010,2.98
Guinea-Bissau, All types,2011,3.11
Guinea-Bissau, All types,2012,2.96
Guinea-Bissau, All types,2013,2.86
Guinea-Bissau, All types,2014,2.97
Guinea-Bissau, All types,2015,2.98
Guinea-Bissau, All types,2016,3.1
Guinea-Bissau, All types,2017,3.23
Guinea-Bissau, All types,2018,3.23
Guyana, All types,2010,5.92
Guyana, All types,2011,6.01
Guyana, All types,2012,6.11
Guyana, All types,2013,6.14
Guyana, All types,2014,6.29
Guyana, All types,2015,5.94
Guyana, All types,2016,5.88
Guyana, All types,2017,5.56
Guyana, All types,2018,5.42
Haiti, All types,2010,2.32
Haiti, All types,2011,2.4
Haiti, All types,2012,2.47
Haiti, All types,2013,2.88
Haiti, All types,2014,2.69
Haiti, All types,2015,2.67
Haiti, All types,2016,2.72
Haiti, All types,2017,2.8
Haiti, All types,2018,2.74
Honduras, All types,2010,2.69
Honduras, All types,2011,2.72
Honduras, All types,2012,2.7
Honduras, All types,2013,2.69
Honduras, All types,2014,2.43
Honduras, All types,2015,2.51
Honduras, All types,2016,2.54
Honduras, All types,2017,2.68
Honduras, All types,2018,2.73
Hungary, All types,2010,10.7
Hungary, All types,2011,11.37
Hungary, All types,2012,11.13
Hungary, All types,2013,10.73
Hungary, All types,2014,10.92
Hungary, All types,2015,10.95
Hungary, All types,2016,11.28
Hungary, All types,2017,10.79
Hungary, All types,2018,10.79
Iceland, All types,2010,6.79
Iceland, All types,2011,6.84
Iceland, All types,2012,6.82
Iceland, All types,2013,6.8
Iceland, All types,2014,7.01
Iceland, All types,2015,7.66
Iceland, All types,2016,7.5
Iceland, All types,2017,7.75
Iceland, All types,2018,7.72
India, All types,2010,2.74
India, All types,2011,2.96
India, All types,2012,3.06
India, All types,2013,3.05
India, All types,2014,3.01
India, All types,2015,3.01
India, All types,2016,2.97
India, All types,2017,2.86
India, All types,2018,3.05
Indonesia, All types,2010,0.08
Indonesia, All types,2011,0.08
Indonesia, All types,2012,0.08
Indonesia, All types,2013,0.09
Indonesia, All types,2014,0.09
Indonesia, All types,2015,0.08
Indonesia, All types,2016,0.08
Indonesia, All types,2017,0.08
Indonesia, All types,2018,0.08
Iran, All types,2010,0.03
Iran, All types,2011,0.03
Iran, All types,2012,0.02
Iran, All types,2013,0.01
Iran, All types,2014,0.01
Iran, All types,2015,0.01
Iran, All types,2016,0.02
Iran, All types,2017,0.03
Iran, All types,2018,0.03
Iraq, All types,2010,0.19
Iraq, All types,2011,0.18
Iraq, All types,2012,0.2
Iraq, All types,2013,0.17
Iraq, All types,2014,0.15
Iraq, All types,2015,0.14
Iraq, All types,2016,0.16
Iraq, All types,2017,0.17
Iraq, All types,2018,0.17
Ireland, All types,2010,11.38
Ireland, All types,2011,11.3
Ireland, All types,2012,11.2
Ireland, All types,2013,10.35
Ireland, All types,2014,10.73
Ireland, All types,2015,10.68
Ireland, All types,2016,11.22
Ireland, All types,2017,11.12
Ireland, All types,2018,11.2
Israel, All types,2010,2.74
Israel, All types,2011,2.78
Israel, All types,2012,2.85
Israel, All types,2013,2.87
Israel, All types,2014,2.69
Israel, All types,2015,2.71
Israel, All types,2016,2.69
Israel, All types,2017,2.98
Israel, All types,2018,2.99
Italy, All types,2010,6.95
Italy, All types,2011,6.97
Italy, All types,2012,7.48
Italy, All types,2013,7.34
Italy, All types,2014,7.33
Italy, All types,2015,7.14
Italy, All types,2016,7.1
Italy, All types,2017,7.37
Italy, All types,2018,7.81
Ivory Coast, All types,2010,1.13
Ivory Coast, All types,2011,1.17
Ivory Coast, All types,2012,1.25
Ivory Coast, All types,2013,1.22
Ivory Coast, All types,2014,1.39
Ivory Coast, All types,2015,1.58
Ivory Coast, All types,2016,1.53
Ivory Coast, All types,2017,1.58
Ivory Coast, All types,2018,1.45
Jamaica, All types,2010,3.37
Jamaica, All types,2011,3.35
Jamaica, All types,2012,3.37
Jamaica, All types,2013,3.44
Jamaica, All types,2014,3.42
Jamaica, All types,2015,3.48
Jamaica, All types,2016,3.38
Jamaica, All types,2017,3.47
Jamaica, All types,2018,3.63
Japan, All types,2010,6.88
Japan, All types,2011,6.86
Japan, All types,2012,6.83
Japan, All types,2013,6.96
Japan, All types,2014,6.71
Japan, All types,2015,6.85
Japan, All types,2016,6.82
Japan, All types,2017,6.8
Japan, All types,2018,6.82
Jordan, All types,2010,0.48
Jordan, All types,2011,0.4
Jordan, All types,2012,0.38
Jordan, All types,2013,0.37
Jordan, All types,2014,0.37
Jordan, All types,2015,0.32
Jordan, All types,2016,0.32
Jordan, All types,2017,0.3
Jordan, All types,2018,0.28
Kazakhstan, All types,2010,3.9
Kazakhstan, All types,2011,3.38
Kazakhstan, All types,2012,3.69
Kazakhstan, All types,2013,3.76
Kazakhstan, All types,2014,3.61
Kazakhstan, All types,2015,3.3
Kazakhstan, All types,2016,3.55
Kazakhstan, All types,2017,3.66
Kazakhstan, All types,2018,3.66
Kenya, All types,2010,1.55
Kenya, All types,2011,1.51
Kenya, All types,2012,1.53
Kenya, All types,2013,1.57
Kenya, All types,2014,1.38
Kenya, All types,2015,1.53
Kenya, All types,2016,1.63
Kenya, All types,2017,1.65
Kenya, All types,2018,1.71
Kiribati, All types,2010,0.46
Kiribati, All types,2011,0.52
Kiribati, All types,2012,0.37
Kiribati, All types,2013,0.75
Kiribati, All types,2014,0.5
Kiribati, All types,2015,0.37
Kiribati, All types,2016,0.38
Kiribati, All types,2017,0.36
Kiribati, All types,2018,0.36
Kuwait, All types,2010,0.01
Kuwait, All types,2011,0.01
Kuwait, All types,2012,0.01
Kuwait, All types,2013,0.01
Kuwait, All types,2014,0.01
Kuwait, All types,2015,0.01
Kuwait, All types,2016,0.01
Kuwait, All types,2017,0.01
Kuwait, All types,2018,0.01
Kyrgyzstan, All types,2010,6.09
Kyrgyzstan, All types,2011,6.03
Kyrgyzstan, All types,2012,5.83
Kyrgyzstan, All types,2013,5.74
Kyrgyzstan, All types,2014,5.6
Kyrgyzstan, All types,2015,4.72
Kyrgyzstan, All types,2016,4.57
Kyrgyzstan, All types,2017,4.11
Kyrgyzstan, All types,2018,3.88
Laos, All types,2010,6.05
Laos, All types,2011,6.26
Laos, All types,2012,6.3
Laos, All types,2013,6.42
Laos, All types,2014,6.64
Laos, All types,2015,6.84
Laos, All types,2016,7.11
Laos, All types,2017,7.26
Laos, All types,2018,7.26
Latvia, All types,2010,9.83
Latvia, All types,2011,10.11
Latvia, All types,2012,10.2
Latvia, All types,2013,10.43
Latvia, All types,2014,10.6
Latvia, All types,2015,10.8
Latvia, All types,2016,11.3
Latvia, All types,2017,12.6
Latvia, All types,2018,12.6
Lebanon, All types,2010,1.5
Lebanon, All types,2011,1.41
Lebanon, All types,2012,1.33
Lebanon, All types,2013,1.27
Lebanon, All types,2014,1.27
Lebanon, All types,2015,1.24
Lebanon, All types,2016,1.27
Lebanon, All types,2017,1.32
Lebanon, All types,2018,1.33
Lesotho, All types,2010,2.8
Lesotho, All types,2011,2.4
Lesotho, All types,2012,2.46
Lesotho, All types,2013,2.58
Lesotho, All types,2014,2.6
Lesotho, All types,2015,2.81
Lesotho, All types,2016,2.89
Lesotho, All types,2017,2.82
Lesotho, All types,2018,2.82
Liberia, All types,2010,3.64
Liberia, All types,2011,3.75
Liberia, All types,2012,3.76
Liberia, All types,2013,3.73
Liberia, All types,2014,3.47
Liberia, All types,2015,3.52
Liberia, All types,2016,3.53
Liberia, All types,2017,3.55
Liberia, All types,2018,3.55
Libya, All types,2010,0.01
Libya, All types,2011,0
Libya, All types,2012,0.02
Libya, All types,2013,0.01
Libya, All types,2014,0.03
Libya, All types,2015,0.01
Libya, All types,2016,0
Libya, All types,2017,0.01
Libya, All types,2018,0.01
Lithuania, All types,2010,13.22
Lithuania, All types,2011,14.72
Lithuania, All types,2012,14.87
Lithuania, All types,2013,14.75
Lithuania, All types,2014,14.93
Lithuania, All types,2015,14.2
Lithuania, All types,2016,13.39
Lithuania, All types,2017,11.96
Lithuania, All types,2018,11.49
Luxembourg, All types,2010,11.84
Luxembourg, All types,2011,11.74
Luxembourg, All types,2012,11.66
Luxembourg, All types,2013,11.25
Luxembourg, All types,2014,11.41
Luxembourg, All types,2015,11.36
Luxembourg, All types,2016,11.24
Luxembourg, All types,2017,11.16
Luxembourg, All types,2018,10.94
Madagascar, All types,2010,0.96
Madagascar, All types,2011,0.9
Madagascar, All types,2012,0.86
Madagascar, All types,2013,0.85
Madagascar, All types,2014,0.78
Madagascar, All types,2015,0.88
Madagascar, All types,2016,0.89
Madagascar, All types,2017,0.91
Madagascar, All types,2018,0.91
Malawi, All types,2010,1.63
Malawi, All types,2011,1.81
Malawi, All types,2012,1.79
Malawi, All types,2013,1.94
Malawi, All types,2014,1.94
Malawi, All types,2015,1.99
Malawi, All types,2016,2
Malawi, All types,2017,2
Malawi, All types,2018,2
Malaysia, All types,2010,0.52
Malaysia, All types,2011,0.55
Malaysia, All types,2012,0.57
Malaysia, All types,2013,0.56
Malaysia, All types,2014,0.55
Malaysia, All types,2015,0.54
Malaysia, All types,2016,0.59
Malaysia, All types,2017,0.58
Malaysia, All types,2018,0.58
Maldives, All types,2010,1.5
Maldives, All types,2011,1.64
Maldives, All types,2012,1.14
Maldives, All types,2013,1.15
Maldives, All types,2014,1.12
Maldives, All types,2015,1.09
Maldives, All types,2016,1.12
Maldives, All types,2017,1.11
Maldives, All types,2018,1.11
Mali, All types,2010,0.59
Mali, All types,2011,0.61
Mali, All types,2012,0.62
Mali, All types,2013,0.59
Mali, All types,2014,0.58
Mali, All types,2015,0.59
Mali, All types,2016,0.58
Mali, All types,2017,0.59
Mali, All types,2018,0.59
Malta, All types,2010,6.98
Malta, All types,2011,6.89
Malta, All types,2012,7.2
Malta, All types,2013,7.37
Malta, All types,2014,7.37
Malta, All types,2015,7.29
Malta, All types,2016,7.51
Malta, All types,2017,7.78
Malta, All types,2018,7.87
Mauritania, All types,2010,0.01
Mauritania, All types,2011,0.01
Mauritania, All types,2012,0
Mauritania, All types,2013,0
Mauritania, All types,2014,0
Mauritania, All types,2015,0
Mauritania, All types,2016,0
Mauritania, All types,2017,0
Mauritania, All types,2018,0
Mauritius, All types,2010,2.96
Mauritius, All types,2011,3.04
Mauritius, All types,2012,2.97
Mauritius, All types,2013,2.98
Mauritius, All types,2014,2.82
Mauritius, All types,2015,2.61
Mauritius, All types,2016,3.07
Mauritius, All types,2017,3.1
Mauritius, All types,2018,3.09
Mexico, All types,2010,4.05
Mexico, All types,2011,4
Mexico, All types,2012,3.86
Mexico, All types,2013,3.81
Mexico, All types,2014,3.94
Mexico, All types,2015,4.24
Mexico, All types,2016,4.25
Mexico, All types,2017,4.25
Mexico, All types,2018,4.25
Micronesia, All types,2010,1.78
Micronesia, All types,2011,1.91
Micronesia, All types,2012,2.98
Micronesia, All types,2013,1.67
Micronesia, All types,2014,1.59
Micronesia, All types,2015,1.59
Micronesia, All types,2016,1.59
Micronesia, All types,2017,1.59
Micronesia, All types,2018,1.59
Moldova, All types,2010,6.92
Moldova, All types,2011,8.21
Moldova, All types,2012,8.3
Moldova, All types,2013,8.48
Moldova, All types,2014,7.4
Moldova, All types,2015,6.76
Moldova, All types,2016,7.22
Moldova, All types,2017,7.45
Moldova, All types,2018,7.45
Mongolia, All types,2010,7.74
Mongolia, All types,2011,6.66
Mongolia, All types,2012,7.55
Mongolia, All types,2013,12.64
Mongolia, All types,2014,9.93
Mongolia, All types,2015,8.4
Mongolia, All types,2016,6.9
Mongolia, All types,2017,6.24
Mongolia, All types,2018,5.77
Montenegro, All types,2010,9.83
Montenegro, All types,2011,8.91
Montenegro, All types,2012,9.25
Montenegro, All types,2013,9.51
Montenegro, All types,2014,8.44
Montenegro, All types,2015,8.34
Montenegro, All types,2016,8.97
Montenegro, All types,2017,9.18
Montenegro, All types,2018,9.29
Morocco, All types,2010,0.47
Morocco, All types,2011,0.46
Morocco, All types,2012,0.46
Morocco, All types,2013,0.45
Morocco, All types,2014,0.41
Morocco, All types,2015,0.39
Morocco, All types,2016,0.4
Morocco, All types,2017,0.43
Morocco, All types,2018,0.43
Mozambique, All types,2010,0.84
Mozambique, All types,2011,0.93
Mozambique, All types,2012,0.99
Mozambique, All types,2013,0.99
Mozambique, All types,2014,1.06
Mozambique, All types,2015,1.22
Mozambique, All types,2016,1.25
Mozambique, All types,2017,1.24
Mozambique, All types,2018,1.24
Myanmar, All types,2010,0.97
Myanmar, All types,2011,1.09
Myanmar, All types,2012,1.24
Myanmar, All types,2013,1.31
Myanmar, All types,2014,1.36
Myanmar, All types,2015,1.46
Myanmar, All types,2016,1.6
Myanmar, All types,2017,1.75
Myanmar, All types,2018,1.78
Namibia, All types,2010,1.33
Namibia, All types,2011,1.5
Namibia, All types,2012,3.52
Namibia, All types,2013,3.71
Namibia, All types,2014,3.98
Namibia, All types,2015,4.17
Namibia, All types,2016,4.33
Namibia, All types,2017,4.45
Namibia, All types,2018,4.3
Nauru, All types,2010,4.25
Nauru, All types,2011,3.98
Nauru, All types,2012,3.2
Nauru, All types,2013,2.17
Nauru, All types,2014,2.17
Nauru, All types,2015,2.17
Nauru, All types,2016,2.17
Nauru, All types,2017,2.17
Nauru, All types,2018,2.17
Nepal, All types,2010,0.23
Nepal, All types,2011,0.24
Nepal, All types,2012,0.25
Nepal, All types,2013,0.27
Nepal, All types,2014,0.28
Nepal, All types,2015,0.28
Nepal, All types,2016,0.29
Nepal, All types,2017,0.32
Nepal, All types,2018,0.32
Netherlands, All types,2010,9.07
Netherlands, All types,2011,9
Netherlands, All types,2012,9.06
Netherlands, All types,2013,8.58
Netherlands, All types,2014,8.39
Netherlands, All types,2015,8.3
Netherlands, All types,2016,8.3
Netherlands, All types,2017,8.34
Netherlands, All types,2018,8.34
New Zealand, All types,2010,9.62
New Zealand, All types,2011,9.45
New Zealand, All types,2012,9.17
New Zealand, All types,2013,9.12
New Zealand, All types,2014,8.98
New Zealand, All types,2015,8.68
New Zealand, All types,2016,9.02
New Zealand, All types,2017,9.06
New Zealand, All types,2018,9.12
Nicaragua, All types,2010,3.35
Nicaragua, All types,2011,3.36
Nicaragua, All types,2012,3.61
Nicaragua, All types,2013,3.56
Nicaragua, All types,2014,3.55
Nicaragua, All types,2015,3.73
Nicaragua, All types,2016,3.81
Nicaragua, All types,2017,3.89
Nicaragua, All types,2018,3.81
Niger, All types,2010,0.11
Niger, All types,2011,0.13
Niger, All types,2012,0.16
Niger, All types,2013,0.1
Niger, All types,2014,0.13
Niger, All types,2015,0.13
Niger, All types,2016,0.13
Niger, All types,2017,0.13
Niger, All types,2018,0.13
Nigeria, All types,2010,10.4
Nigeria, All types,2011,10.22
Nigeria, All types,2012,9.98
Nigeria, All types,2013,9.71
Nigeria, All types,2014,8.05
Nigeria, All types,2015,7.83
Nigeria, All types,2016,7.82
Nigeria, All types,2017,7.79
Nigeria, All types,2018,7.79
Niue, All types,2010,5.01
Niue, All types,2011,7.41
Niue, All types,2012,9.73
Niue, All types,2013,8.61
Niue, All types,2014,8.39
Niue, All types,2015,8.8
Niue, All types,2016,9.22
Niue, All types,2017,9.11
Niue, All types,2018,9.11
North Korea, All types,2010,3.11
North Korea, All types,2011,3.38
North Korea, All types,2012,3.6
North Korea, All types,2013,3.34
North Korea, All types,2014,3.36
North Korea, All types,2015,3.3
North Korea, All types,2016,3.3
North Korea, All types,2017,3.3
North Korea, All types,2018,3.3
North Macedonia, All types,2010,3.53
North Macedonia, All types,2011,3.53
North Macedonia, All types,2012,3.54
North Macedonia, All types,2013,3.61
North Macedonia, All types,2014,3.56
North Macedonia, All types,2015,3.57
North Macedonia, All types,2016,3.63
North Macedonia, All types,2017,3.77
North Macedonia, All types,2018,3.8
Norway, All types,2010,6.59
Norway, All types,2011,6.44
Norway, All types,2012,6.21
Norway, All types,2013,6.21
Norway, All types,2014,6.06
Norway, All types,2015,5.97
Norway, All types,2016,6.03
Norway, All types,2017,6
Norway, All types,2018,6.02
Oman, All types,2010,0.51
Oman, All types,2011,0.5
Oman, All types,2012,0.49
Oman, All types,2013,0.45
Oman, All types,2014,0.43
Oman, All types,2015,0.42
Oman, All types,2016,0.4
Oman, All types,2017,0.4
Oman, All types,2018,0.4
Pakistan, All types,2010,0.04
Pakistan, All types,2011,0.04
Pakistan, All types,2012,0.03
Pakistan, All types,2013,0.05
Pakistan, All types,2014,0.04
Pakistan, All types,2015,0.04
Pakistan, All types,2016,0.05
Pakistan, All types,2017,0.05
Pakistan, All types,2018,0.05
Panama, All types,2010,6.16
Panama, All types,2011,6.22
Panama, All types,2012,6.25
Panama, All types,2013,6.26
Panama, All types,2014,6.34
Panama, All types,2015,6.92
Panama, All types,2016,6.7
Panama, All types,2017,6.89
Panama, All types,2018,6.92
Papua New Guinea, All types,2010,0.75
Papua New Guinea, All types,2011,0.84
Papua New Guinea, All types,2012,0.97
Papua New Guinea, All types,2013,0.82
Papua New Guinea, All types,2014,0.76
Papua New Guinea, All types,2015,0.75
Papua New Guinea, All types,2016,0.8
Papua New Guinea, All types,2017,0.8
Papua New Guinea, All types,2018,0.8
Paraguay, All types,2010,6.29
Paraguay, All types,2011,6.15
Paraguay, All types,2012,5.81
Paraguay, All types,2013,5.64
Paraguay, All types,2014,5.86
Paraguay, All types,2015,5.62
Paraguay, All types,2016,5.85
Paraguay, All types,2017,6
Paraguay, All types,2018,6.02
Peru, All types,2010,5.13
Peru, All types,2011,5.09
Peru, All types,2012,5.21
Peru, All types,2013,5.12
Peru, All types,2014,5.26
Peru, All types,2015,5.3
Peru, All types,2016,5.31
Peru, All types,2017,5.3
Peru, All types,2018,5.3
Philippines, All types,2010,4.74
Philippines, All types,2011,4.86
Philippines, All types,2012,4.98
Philippines, All types,2013,4.63
Philippines, All types,2014,4.62
Philippines, All types,2015,4.52
Philippines, All types,2016,4.53
Philippines, All types,2017,4.75
Philippines, All types,2018,4.83
Poland, All types,2010,10.07
Poland, All types,2011,10.24
Poland, All types,2012,10.21
Poland, All types,2013,10.8
Poland, All types,2014,10.45
Poland, All types,2015,10.47
Poland, All types,2016,10.43
Poland, All types,2017,10.53
Poland, All types,2018,10.62
Portugal, All types,2010,11.26
Portugal, All types,2011,10.86
Portugal, All types,2012,9.76
Portugal, All types,2013,9.52
Portugal, All types,2014,10.2
Portugal, All types,2015,10.34
Portugal, All types,2016,10.37
Portugal, All types,2017,10.37
Portugal, All types,2018,10.37
Qatar, All types,2010,1.11
Qatar, All types,2011,1.1
Qatar, All types,2012,1.07
Qatar, All types,2013,1.07
Qatar, All types,2014,1.05
Qatar, All types,2015,1.07
Qatar, All types,2016,1.04
Qatar, All types,2017,1.04
Qatar, All types,2018,1.02
Romania, All types,2010,10.01
Romania, All types,2011,9.58
Romania, All types,2012,9.66
Romania, All types,2013,9.65
Romania, All types,2014,9.48
Romania, All types,2015,9.45
Romania, All types,2016,9.57
Romania, All types,2017,10.14
Romania, All types,2018,10.14
Russia, All types,2010,10.95
Russia, All types,2011,10.92
Russia, All types,2012,10.86
Russia, All types,2013,10.17
Russia, All types,2014,9.25
Russia, All types,2015,8.36
Russia, All types,2016,8.2
Russia, All types,2017,7.24
Russia, All types,2018,7.69
Rwanda, All types,2010,7.65
Rwanda, All types,2011,7.27
Rwanda, All types,2012,7.08
Rwanda, All types,2013,6.86
Rwanda, All types,2014,7.12
Rwanda, All types,2015,7.05
Rwanda, All types,2016,7.09
Rwanda, All types,2017,6.99
Rwanda, All types,2018,6.99
Saint Kitts and Nevis, All types,2010,8.45
Saint Kitts and Nevis, All types,2011,8.44
Saint Kitts and Nevis, All types,2012,8.36
Saint Kitts and Nevis, All types,2013,8.32
Saint Kitts and Nevis, All types,2014,8.42
Saint Kitts and Nevis, All types,2015,8.3
Saint Kitts and Nevis, All types,2016,8.48
Saint Kitts and Nevis, All types,2017,8.44
Saint Kitts and Nevis, All types,2018,8.44
Saint Lucia, All types,2010,10.59
Saint Lucia, All types,2011,10.36
Saint Lucia, All types,2012,9.91
Saint Lucia, All types,2013,9.47
Saint Lucia, All types,2014,9.61
Saint Lucia, All types,2015,9.73
Saint Lucia, All types,2016,10.18
Saint Lucia, All types,2017,10.35
Saint Lucia, All types,2018,10.43
Saint Vincent and the Grenadines, All types,2010,7.21
Saint Vincent and the Grenadines, All types,2011,7.23
Saint Vincent and the Grenadines, All types,2012,7.12
Saint Vincent and the Grenadines, All types,2013,7.23
Saint Vincent and the Grenadines, All types,2014,7.35
Saint Vincent and the Grenadines, All types,2015,7.59
Saint Vincent and the Grenadines, All types,2016,7.99
Saint Vincent and the Grenadines, All types,2017,8.12
Saint Vincent and the Grenadines, All types,2018,8.18
Samoa, All types,2010,3
Samoa, All types,2011,2.15
Samoa, All types,2012,2.19
Samoa, All types,2013,1.9
Samoa, All types,2014,2
Samoa, All types,2015,1.97
Samoa, All types,2016,2.18
Samoa, All types,2017,1.97
Samoa, All types,2018,1.97
Sao Tome and Principe, All types,2010,5.86
Sao Tome and Principe, All types,2011,5.96
Sao Tome and Principe, All types,2012,4.89
Sao Tome and Principe, All types,2013,4.73
Sao Tome and Principe, All types,2014,5.34
Sao Tome and Principe, All types,2015,4.8
Sao Tome and Principe, All types,2016,5.05
Sao Tome and Principe, All types,2017,3.88
Sao Tome and Principe, All types,2018,3.88
Saudi Arabia, All types,2010,0.09
Saudi Arabia, All types,2011,0.09
Saudi Arabia, All types,2012,0.09
Saudi Arabia, All types,2013,0.09
Saudi Arabia, All types,2014,0.08
Saudi Arabia, All types,2015,0.08
Saudi Arabia, All types,2016,0.08
Saudi Arabia, All types,2017,0.07
Saudi Arabia, All types,2018,0.07
Senegal, All types,2010,0.28
Senegal, All types,2011,0.31
Senegal, All types,2012,0.27
Senegal, All types,2013,0.25
Senegal, All types,2014,0.25
Senegal, All types,2015,0.24
Senegal, All types,2016,0.3
Senegal, All types,2017,0.3
Senegal, All types,2018,0.27
Serbia, All types,2010,8.64
Serbia, All types,2011,8.36
Serbia, All types,2012,8.6
Serbia, All types,2013,7.78
Serbia, All types,2014,7.06
Serbia, All types,2015,7.09
Serbia, All types,2016,7.21
Serbia, All types,2017,7.32
Serbia, All types,2018,7.35
Seychelles, All types,2010,11.13
Seychelles, All types,2011,13.56
Seychelles, All types,2012,14.72
Seychelles, All types,2013,15.64
Seychelles, All types,2014,16.13
Seychelles, All types,2015,17.6
Seychelles, All types,2016,20.18
Seychelles, All types,2017,20.24
Seychelles, All types,2018,20.05
Sierra Leone, All types,2010,3.74
Sierra Leone, All types,2011,3.75
Sierra Leone, All types,2012,3.49
Sierra Leone, All types,2013,3.17
Sierra Leone, All types,2014,3.39
Sierra Leone, All types,2015,3.41
Sierra Leone, All types,2016,3.49
Sierra Leone, All types,2017,3.43
Sierra Leone, All types,2018,3.43
Singapore, All types,2010,1.84
Singapore, All types,2011,1.89
Singapore, All types,2012,1.94
Singapore, All types,2013,1.86
Singapore, All types,2014,1.84
Singapore, All types,2015,1.82
Singapore, All types,2016,1.84
Singapore, All types,2017,1.8
Singapore, All types,2018,1.85
Slovakia, All types,2010,10.51
Slovakia, All types,2011,10.74
Slovakia, All types,2012,10.62
Slovakia, All types,2013,10.49
Slovakia, All types,2014,10.62
Slovakia, All types,2015,10.74
Slovakia, All types,2016,9.92
Slovakia, All types,2017,10.16
Slovakia, All types,2018,10.16
Slovenia, All types,2010,10.33
Slovenia, All types,2011,10.61
Slovenia, All types,2012,10.95
Slovenia, All types,2013,9.53
Slovenia, All types,2014,10.92
Slovenia, All types,2015,11.49
Slovenia, All types,2016,10.51
Slovenia, All types,2017,10.12
Slovenia, All types,2018,9.99
Solomon Islands, All types,2010,1.09
Solomon Islands, All types,2011,1.05
Solomon Islands, All types,2012,1
Solomon Islands, All types,2013,0.97
Solomon Islands, All types,2014,0.94
Solomon Islands, All types,2015,0.98
Solomon Islands, All types,2016,1.28
Solomon Islands, All types,2017,1.25
Solomon Islands, All types,2018,1.25
Somalia, All types,2010,0
Somalia, All types,2011,0
Somalia, All types,2012,0
Somalia, All types,2013,0.01
Somalia, All types,2014,0.01
Somalia, All types,2015,0
Somalia, All types,2016,0
Somalia, All types,2017,0
Somalia, All types,2018,0
South Africa, All types,2010,7.25
South Africa, All types,2011,7.31
South Africa, All types,2012,7.37
South Africa, All types,2013,7.35
South Africa, All types,2014,7.39
South Africa, All types,2015,7.33
South Africa, All types,2016,7.3
South Africa, All types,2017,7.34
South Africa, All types,2018,7.26
South Korea, All types,2010,8.9
South Korea, All types,2011,8.86
South Korea, All types,2012,8.98
South Korea, All types,2013,8.77
South Korea, All types,2014,8.94
South Korea, All types,2015,9.09
South Korea, All types,2016,8.69
South Korea, All types,2017,8.65
South Korea, All types,2018,8.65
Spain, All types,2010,8.79
Spain, All types,2011,8.58
Spain, All types,2012,8.44
Spain, All types,2013,8.39
Spain, All types,2014,7.67
Spain, All types,2015,10.35
Spain, All types,2016,10.8
Spain, All types,2017,10.84
Spain, All types,2018,10.43
Sri Lanka, All types,2010,2.31
Sri Lanka, All types,2011,3.03
Sri Lanka, All types,2012,2.89
Sri Lanka, All types,2013,2.65
Sri Lanka, All types,2014,2.45
Sri Lanka, All types,2015,2.72
Sri Lanka, All types,2016,2.65
Sri Lanka, All types,2017,2.58
Sri Lanka, All types,2018,2.58
Sudan, All types,2010,
Sudan, All types,2011,0.46
Sudan, All types,2012,0
Sudan, All types,2013,0.06
Sudan, All types,2014,0.03
Sudan, All types,2015,0.02
Sudan, All types,2016,0.01
Sudan, All types,2017,0.01
Sudan, All types,2018,0.01
Suriname, All types,2010,5.26
Suriname, All types,2011,5.62
Suriname, All types,2012,5.74
Suriname, All types,2013,5.88
Suriname, All types,2014,5.41
Suriname, All types,2015,4.76
Suriname, All types,2016,4.41
Suriname, All types,2017,4.45
Suriname, All types,2018,4.47
Swaziland, All types,2010,5.66
Swaziland, All types,2011,5.93
Swaziland, All types,2012,5.5
Swaziland, All types,2013,6.47
Swaziland, All types,2014,7.38
Swaziland, All types,2015,7.29
Swaziland, All types,2016,7.5
Swaziland, All types,2017,7.46
Swaziland, All types,2018,7.46
Sweden, All types,2010,7.38
Sweden, All types,2011,7.31
Sweden, All types,2012,7.23
Sweden, All types,2013,7.32
Sweden, All types,2014,7.2
Sweden, All types,2015,7.13
Sweden, All types,2016,7.15
Sweden, All types,2017,7.04
Sweden, All types,2018,7.2
Switzerland, All types,2010,10.01
Switzerland, All types,2011,9.99
Switzerland, All types,2012,9.87
Switzerland, All types,2013,9.74
Switzerland, All types,2014,9.62
Switzerland, All types,2015,9.62
Switzerland, All types,2016,9.51
Switzerland, All types,2017,9.51
Switzerland, All types,2018,9.51
Syria, All types,2010,0.77
Syria, All types,2011,0.61
Syria, All types,2012,0.22
Syria, All types,2013,0.15
Syria, All types,2014,0.2
Syria, All types,2015,0.24
Syria, All types,2016,0.18
Syria, All types,2017,0.12
Syria, All types,2018,0.16
Tajikistan, All types,2010,0.67
Tajikistan, All types,2011,0.69
Tajikistan, All types,2012,0.76
Tajikistan, All types,2013,0.78
Tajikistan, All types,2014,0.81
Tajikistan, All types,2015,0.9
Tajikistan, All types,2016,0.86
Tajikistan, All types,2017,0.86
Tajikistan, All types,2018,0.84
Tanzania, All types,2010,6.59
Tanzania, All types,2011,6.71
Tanzania, All types,2012,5.84
Tanzania, All types,2013,6.3
Tanzania, All types,2014,6.98
Tanzania, All types,2015,7.39
Tanzania, All types,2016,7.41
Tanzania, All types,2017,7.31
Tanzania, All types,2018,7.31
Thailand, All types,2010,6.7
Thailand, All types,2011,7.14
Thailand, All types,2012,7.09
Thailand, All types,2013,6.79
Thailand, All types,2014,6.9
Thailand, All types,2015,6.57
Thailand, All types,2016,6.57
Thailand, All types,2017,6.57
Thailand, All types,2018,6.57
Timor-Leste, All types,2010,0.1
Timor-Leste, All types,2011,0.46
Timor-Leste, All types,2012,0.49
Timor-Leste, All types,2013,0.48
Timor-Leste, All types,2014,0.52
Timor-Leste, All types,2015,0.49
Timor-Leste, All types,2016,0.49
Timor-Leste, All types,2017,0.48
Timor-Leste, All types,2018,0.48
Togo, All types,2010,1.26
Togo, All types,2011,1.14
Togo, All types,2012,1.15
Togo, All types,2013,1.2
Togo, All types,2014,1.24
Togo, All types,2015,1.33
Togo, All types,2016,1.26
Togo, All types,2017,1.33
Togo, All types,2018,1.31
Tonga, All types,2010,1.24
Tonga, All types,2011,0.96
Tonga, All types,2012,0.26
Tonga, All types,2013,0.32
Tonga, All types,2014,0.37
Tonga, All types,2015,0.29
Tonga, All types,2016,0.28
Tonga, All types,2017,0.33
Tonga, All types,2018,0.33
Trinidad and Tobago, All types,2010,5.92
Trinidad and Tobago, All types,2011,5.93
Trinidad and Tobago, All types,2012,6.05
Trinidad and Tobago, All types,2013,6.03
Trinidad and Tobago, All types,2014,6.13
Trinidad and Tobago, All types,2015,6.14
Trinidad and Tobago, All types,2016,5.91
Trinidad and Tobago, All types,2017,5.82
Trinidad and Tobago, All types,2018,5.91
Tunisia, All types,2010,1.26
Tunisia, All types,2011,1.26
Tunisia, All types,2012,1.35
Tunisia, All types,2013,1.39
Tunisia, All types,2014,1.48
Tunisia, All types,2015,1.49
Tunisia, All types,2016,1.53
Tunisia, All types,2017,1.56
Tunisia, All types,2018,1.6
Turkey, All types,2010,1.56
Turkey, All types,2011,1.59
Turkey, All types,2012,1.6
Turkey, All types,2013,1.46
Turkey, All types,2014,1.5
Turkey, All types,2015,1.43
Turkey, All types,2016,1.38
Turkey, All types,2017,1.38
Turkey, All types,2018,1.43
Turkmenistan, All types,2010,2.9
Turkmenistan, All types,2011,2.88
Turkmenistan, All types,2012,3
Turkmenistan, All types,2013,3.18
Turkmenistan, All types,2014,3.24
Turkmenistan, All types,2015,3.36
Turkmenistan, All types,2016,3.32
Turkmenistan, All types,2017,3.17
Turkmenistan, All types,2018,3.08
Tuvalu, All types,2010,0.97
Tuvalu, All types,2011,1.27
Tuvalu, All types,2012,1.79
Tuvalu, All types,2013,1.52
Tuvalu, All types,2014,1.76
Tuvalu, All types,2015,1.38
Tuvalu, All types,2016,0.96
Tuvalu, All types,2017,0.9
Tuvalu, All types,2018,0.9
Uganda, All types,2010,11.5
Uganda, All types,2011,11.71
Uganda, All types,2012,8.39
Uganda, All types,2013,7.72
Uganda, All types,2014,12.52
Uganda, All types,2015,12.13
Uganda, All types,2016,12.1
Uganda, All types,2017,12.19
Uganda, All types,2018,12.2
Ukraine, All types,2010,7.77
Ukraine, All types,2011,8.75
Ukraine, All types,2012,8.55
Ukraine, All types,2013,8.74
Ukraine, All types,2014,7.6
Ukraine, All types,2015,6.06
Ukraine, All types,2016,5.74
Ukraine, All types,2017,5.15
Ukraine, All types,2018,5.15
United Arab Emirates, All types,2010,1.75
United Arab Emirates, All types,2011,1.81
United Arab Emirates, All types,2012,1.83
United Arab Emirates, All types,2013,1.9
United Arab Emirates, All types,2014,2.02
United Arab Emirates, All types,2015,2.14
United Arab Emirates, All types,2016,2.17
United Arab Emirates, All types,2017,2.16
United Arab Emirates, All types,2018,2.12
United Kingdom, All types,2010,10.01
United Kingdom, All types,2011,9.8
United Kingdom, All types,2012,9.53
United Kingdom, All types,2013,9.42
United Kingdom, All types,2014,9.45
United Kingdom, All types,2015,9.59
United Kingdom, All types,2016,9.69
United Kingdom, All types,2017,9.88
United Kingdom, All types,2018,10.01
United States, All types,2010,8.56
United States, All types,2011,8.66
United States, All types,2012,8.85
United States, All types,2013,8.81
United States, All types,2014,8.78
United States, All types,2015,8.78
United States, All types,2016,8.86
United States, All types,2017,8.82
United States, All types,2018,8.82
Uruguay, All types,2010,5.99
Uruguay, All types,2011,6.02
Uruguay, All types,2012,6.55
Uruguay, All types,2013,6.42
Uruguay, All types,2014,6.14
Uruguay, All types,2015,6
Uruguay, All types,2016,5.53
Uruguay, All types,2017,5.75
Uruguay, All types,2018,6.2
Uzbekistan, All types,2010,1.69
Uzbekistan, All types,2011,1.68
Uzbekistan, All types,2012,1.43
Uzbekistan, All types,2013,1.52
Uzbekistan, All types,2014,1.48
Uzbekistan, All types,2015,1.59
Uzbekistan, All types,2016,1.59
Uzbekistan, All types,2017,1.57
Uzbekistan, All types,2018,1.57
Vanuatu, All types,2010,1.18
Vanuatu, All types,2011,1.65
Vanuatu, All types,2012,1.79
Vanuatu, All types,2013,1.59
Vanuatu, All types,2014,1.48
Vanuatu, All types,2015,1.47
Vanuatu, All types,2016,1.58
Vanuatu, All types,2017,1.57
Vanuatu, All types,2018,1.57
Venezuela, All types,2010,7.35
Venezuela, All types,2011,6.82
Venezuela, All types,2012,6.77
Venezuela, All types,2013,6.8
Venezuela, All types,2014,6.52
Venezuela, All types,2015,6.12
Venezuela, All types,2016,3.99
Venezuela, All types,2017,3.13
Venezuela, All types,2018,2.84
Vietnam, All types,2010,2.24
Vietnam, All types,2011,2.44
Vietnam, All types,2012,2.56
Vietnam, All types,2013,2.67
Vietnam, All types,2014,2.76
Vietnam, All types,2015,2.95
Vietnam, All types,2016,3.13
Vietnam, All types,2017,3.23
Vietnam, All types,2018,3.22
Yemen, All types,2010,0.05
Yemen, All types,2011,0.04
Yemen, All types,2012,0.04
Yemen, All types,2013,0.04
Yemen, All types,2014,0.03
Yemen, All types,2015,0.03
Yemen, All types,2016,0.03
Yemen, All types,2017,0.03
Yemen, All types,2018,0.03
Zambia, All types,2010,3.59
Zambia, All types,2011,3.49
Zambia, All types,2012,3.51
Zambia, All types,2013,2.78
Zambia, All types,2014,4.66
Zambia, All types,2015,3.85
Zambia, All types,2016,3.85
Zambia, All types,2017,3.95
Zambia, All types,2018,3.95
Zimbabwe, All types,2010,3.25
Zimbabwe, All types,2011,3.8
Zimbabwe, All types,2012,3.76
Zimbabwe, All types,2013,4.01
Zimbabwe, All types,2014,4.06
Zimbabwe, All types,2015,3.51
Zimbabwe, All types,2016,3.46
Zimbabwe, All types,2017,3.46
Zimbabwe, All types,2018,3.46
