Country,Beverage Types,"Alcohol, recorded per capita (15+) consumption (in litres of pure alcohol)",Year
Afghanistan,Spirits,0.01,2005
Afghanistan,Spirits,0.01,2006
Afghanistan,Spirits,0,2007
Afghanistan,Spirits,0.02,2008
Afghanistan,Spirits,0,2009
Afghanistan, Spirits,0,2010
Afghanistan, Spirits,0,2011
Afghanistan, Spirits,0,2012
Afghanistan, Spirits,0,2013
Afghanistan, Spirits,0.01,2014
Afghanistan, Spirits,0,2015
Afghanistan, Spirits,0.01,2016
Afghanistan, Spirits,0.01,2017
Afghanistan, Spirits,0.01,2018
Albania,Spirits,2.22,2005
Albania,Spirits,2.28,2006
Albania,Spirits,2.35,2007
Albania,Spirits,2.35,2008
Albania,Spirits,2.41,2009
Albania, Spirits,2.36,2010
Albania, Spirits,2.37,2011
Albania, Spirits,2.19,2012
Albania, Spirits,2.06,2013
Albania, Spirits,1.98,2014
Albania, Spirits,1.9,2015
Albania, Spirits,1.83,2016
Albania, Spirits,1.77,2017
Albania, Spirits,1.72,2018
Algeria,Spirits,0.02,2005
Algeria,Spirits,0.02,2006
Algeria,Spirits,0.03,2007
Algeria,Spirits,0.02,2008
Algeria,Spirits,0.04,2009
Algeria, Spirits,0.04,2010
Algeria, Spirits,0.06,2011
Algeria, Spirits,0.07,2012
Algeria, Spirits,0.1,2013
Algeria, Spirits,0.1,2014
Algeria, Spirits,0.1,2015
Algeria, Spirits,0.1,2016
Algeria, Spirits,0.1,2017
Algeria, Spirits,0.1,2018
Andorra,Spirits,2.8,2005
Andorra,Spirits,2.88,2006
Andorra,Spirits,2.88,2007
Andorra,Spirits,2.74,2008
Andorra,Spirits,2.64,2009
Andorra, Spirits,2.59,2010
Andorra, Spirits,2.52,2011
Andorra, Spirits,2.36,2012
Andorra, Spirits,2.34,2013
Andorra, Spirits,2.32,2014
Andorra, Spirits,2.31,2015
Andorra, Spirits,2.4,2016
Andorra, Spirits,2.33,2017
Andorra, Spirits,2.31,2018
Angola,Spirits,0.07,2005
Angola,Spirits,0.07,2006
Angola,Spirits,0.51,2007
Angola,Spirits,0.55,2008
Angola,Spirits,1.24,2009
Angola, Spirits,1.49,2010
Angola, Spirits,1.44,2011
Angola, Spirits,1.42,2012
Angola, Spirits,1.43,2013
Angola, Spirits,1.58,2014
Angola, Spirits,1.34,2015
Angola, Spirits,1.17,2016
Angola, Spirits,1.15,2017
Angola, Spirits,0.99,2018
Antigua and Barbuda,Spirits,3.31,2005
Antigua and Barbuda,Spirits,3.35,2006
Antigua and Barbuda,Spirits,3.33,2007
Antigua and Barbuda,Spirits,3.34,2008
Antigua and Barbuda,Spirits,3.04,2009
Antigua and Barbuda, Spirits,3,2010
Antigua and Barbuda, Spirits,3.03,2011
Antigua and Barbuda, Spirits,3.28,2012
Antigua and Barbuda, Spirits,3.52,2013
Antigua and Barbuda, Spirits,3.38,2014
Antigua and Barbuda, Spirits,3.54,2015
Antigua and Barbuda, Spirits,3.46,2016
Antigua and Barbuda, Spirits,3.63,2017
Antigua and Barbuda, Spirits,4.53,2018
Argentina,Spirits,0.32,2005
Argentina,Spirits,0.3,2006
Argentina,Spirits,0.44,2007
Argentina,Spirits,0.44,2008
Argentina,Spirits,0.41,2009
Argentina, Spirits,0.45,2010
Argentina, Spirits,0.46,2011
Argentina, Spirits,0.48,2012
Argentina, Spirits,0.52,2013
Argentina, Spirits,0.55,2014
Argentina, Spirits,0.81,2015
Argentina, Spirits,0.76,2016
Argentina, Spirits,0.67,2017
Argentina, Spirits,0.72,2018
Armenia,Spirits,3.53,2005
Armenia,Spirits,3.41,2006
Armenia,Spirits,3.35,2007
Armenia,Spirits,3.36,2008
Armenia,Spirits,3.41,2009
Armenia, Spirits,3.58,2010
Armenia, Spirits,3.42,2011
Armenia, Spirits,3.38,2012
Armenia, Spirits,3.21,2013
Armenia, Spirits,3.48,2014
Armenia, Spirits,3.33,2015
Armenia, Spirits,3.1,2016
Armenia, Spirits,2.96,2017
Armenia, Spirits,2.83,2018
Australia,Spirits,1.21,2005
Australia,Spirits,1.16,2006
Australia,Spirits,1.15,2007
Australia,Spirits,1.19,2008
Australia,Spirits,1.32,2009
Australia, Spirits,1.3,2010
Australia, Spirits,1.34,2011
Australia, Spirits,1.26,2012
Australia, Spirits,1.29,2013
Australia, Spirits,1.23,2014
Australia, Spirits,1.22,2015
Australia, Spirits,1.25,2016
Australia, Spirits,1.23,2017
Australia, Spirits,1.32,2018
Austria,Spirits,1.67,2005
Austria,Spirits,1.78,2006
Austria,Spirits,1.78,2007
Austria,Spirits,1.77,2008
Austria,Spirits,1.76,2009
Austria, Spirits,1.7,2010
Austria, Spirits,1.7,2011
Austria, Spirits,1.7,2012
Austria, Spirits,1.7,2013
Austria, Spirits,1.7,2014
Austria, Spirits,1.9,2015
Austria, Spirits,1.9,2016
Austria, Spirits,1.9,2017
Austria, Spirits,1.9,2018
Azerbaijan,Spirits,0.4,2005
Azerbaijan,Spirits,0.47,2006
Azerbaijan,Spirits,0.51,2007
Azerbaijan,Spirits,0.54,2008
Azerbaijan,Spirits,1.46,2009
Azerbaijan, Spirits,1.47,2010
Azerbaijan, Spirits,1.52,2011
Azerbaijan, Spirits,1.55,2012
Azerbaijan, Spirits,1.6,2013
Azerbaijan, Spirits,1.64,2014
Azerbaijan, Spirits,3.71,2015
Azerbaijan, Spirits,2.66,2016
Azerbaijan, Spirits,2.48,2017
Azerbaijan, Spirits,2.48,2018
Bahamas,Spirits,4.29,2005
Bahamas,Spirits,4.2,2006
Bahamas,Spirits,4.12,2007
Bahamas,Spirits,3.97,2008
Bahamas,Spirits,3.69,2009
Bahamas, Spirits,3.69,2010
Bahamas, Spirits,3.68,2011
Bahamas, Spirits,3.56,2012
Bahamas, Spirits,3.46,2013
Bahamas, Spirits,3.54,2014
Bahamas, Spirits,3.61,2015
Bahamas, Spirits,3.6,2016
Bahamas, Spirits,3.74,2017
Bahamas, Spirits,3.78,2018
Bahrain,Spirits,1.27,2005
Bahrain,Spirits,1.32,2006
Bahrain,Spirits,1.23,2007
Bahrain,Spirits,1.39,2008
Bahrain,Spirits,1.36,2009
Bahrain, Spirits,1.37,2010
Bahrain, Spirits,1.22,2011
Bahrain, Spirits,1.25,2012
Bahrain, Spirits,1.17,2013
Bahrain, Spirits,1.06,2014
Bahrain, Spirits,1,2015
Bahrain, Spirits,0.87,2016
Bahrain, Spirits,0.75,2017
Bahrain, Spirits,0.73,2018
Bangladesh,Spirits,0,2005
Bangladesh,Spirits,0,2006
Bangladesh,Spirits,0,2007
Bangladesh,Spirits,0,2008
Bangladesh,Spirits,0,2009
Bangladesh, Spirits,0,2010
Bangladesh, Spirits,0,2011
Bangladesh, Spirits,0,2012
Bangladesh, Spirits,0,2013
Bangladesh, Spirits,0,2014
Bangladesh, Spirits,0,2015
Bangladesh, Spirits,0,2016
Bangladesh, Spirits,0,2017
Bangladesh, Spirits,0,2018
Barbados,Spirits,3.82,2005
Barbados,Spirits,3.95,2006
Barbados,Spirits,3.97,2007
Barbados,Spirits,4.24,2008
Barbados,Spirits,4.28,2009
Barbados, Spirits,4.02,2010
Barbados, Spirits,4.12,2011
Barbados, Spirits,4.28,2012
Barbados, Spirits,4.33,2013
Barbados, Spirits,4.53,2014
Barbados, Spirits,4.68,2015
Barbados, Spirits,4.88,2016
Barbados, Spirits,4.88,2017
Barbados, Spirits,4.85,2018
Belarus,Spirits,4.16,2005
Belarus,Spirits,5.25,2006
Belarus,Spirits,6,2007
Belarus,Spirits,6.32,2008
Belarus,Spirits,6.12,2009
Belarus, Spirits,5.91,2010
Belarus, Spirits,6.39,2011
Belarus, Spirits,6.54,2012
Belarus, Spirits,5.37,2013
Belarus, Spirits,4.73,2014
Belarus, Spirits,4.21,2015
Belarus, Spirits,4.49,2016
Belarus, Spirits,4.48,2017
Belarus, Spirits,4.53,2018
Belgium,Spirits,1.97,2005
Belgium,Spirits,0.99,2006
Belgium,Spirits,3.97,2007
Belgium,Spirits,1.59,2008
Belgium,Spirits,1.45,2009
Belgium, Spirits,1.48,2010
Belgium, Spirits,1.49,2011
Belgium, Spirits,1.54,2012
Belgium, Spirits,1.42,2013
Belgium, Spirits,1.47,2014
Belgium, Spirits,1.47,2015
Belgium, Spirits,1.15,2016
Belgium, Spirits,1.15,2017
Belgium, Spirits,1.15,2018
Belize,Spirits,2.01,2005
Belize,Spirits,1.98,2006
Belize,Spirits,1.91,2007
Belize,Spirits,1.87,2008
Belize,Spirits,1.73,2009
Belize, Spirits,1.75,2010
Belize, Spirits,1.71,2011
Belize, Spirits,1.72,2012
Belize, Spirits,1.68,2013
Belize, Spirits,1.69,2014
Belize, Spirits,1.65,2015
Belize, Spirits,1.59,2016
Belize, Spirits,1.42,2017
Belize, Spirits,1.25,2018
Benin,Spirits,0.16,2005
Benin,Spirits,0.19,2006
Benin,Spirits,0.1,2007
Benin,Spirits,0.26,2008
Benin,Spirits,0.15,2009
Benin, Spirits,0.17,2010
Benin, Spirits,0.16,2011
Benin, Spirits,0.15,2012
Benin, Spirits,0.21,2013
Benin, Spirits,0.21,2014
Benin, Spirits,0.21,2015
Benin, Spirits,0.21,2016
Benin, Spirits,0.21,2017
Benin, Spirits,0.21,2018
Bhutan,Spirits,0.36,2005
Bhutan,Spirits,0.02,2006
Bhutan,Spirits,0.02,2007
Bhutan,Spirits,0.02,2008
Bhutan,Spirits,0.03,2009
Bhutan, Spirits,0.1,2010
Bhutan, Spirits,0.07,2011
Bhutan, Spirits,0.12,2012
Bhutan, Spirits,0.05,2013
Bhutan, Spirits,0.15,2014
Bhutan, Spirits,0,2015
Bhutan, Spirits,0,2016
Bhutan, Spirits,0,2017
Bhutan, Spirits,0,2018
Bolivia,Spirits,0.58,2005
Bolivia,Spirits,0.62,2006
Bolivia,Spirits,0.67,2007
Bolivia,Spirits,0.54,2008
Bolivia,Spirits,0.53,2009
Bolivia, Spirits,0.57,2010
Bolivia, Spirits,0.6,2011
Bolivia, Spirits,0.62,2012
Bolivia, Spirits,0.63,2013
Bolivia, Spirits,0.59,2014
Bolivia, Spirits,0.6,2015
Bolivia, Spirits,0.58,2016
Bolivia, Spirits,0.58,2017
Bolivia, Spirits,0.58,2018
Bosnia and Herzegovina,Spirits,0.62,2005
Bosnia and Herzegovina,Spirits,0.59,2006
Bosnia and Herzegovina,Spirits,0.6,2007
Bosnia and Herzegovina,Spirits,0.6,2008
Bosnia and Herzegovina,Spirits,0.58,2009
Bosnia and Herzegovina, Spirits,0.6,2010
Bosnia and Herzegovina, Spirits,0.6,2011
Bosnia and Herzegovina, Spirits,0.57,2012
Bosnia and Herzegovina, Spirits,0.54,2013
Bosnia and Herzegovina, Spirits,0.62,2014
Bosnia and Herzegovina, Spirits,0.54,2015
Bosnia and Herzegovina, Spirits,0.55,2016
Bosnia and Herzegovina, Spirits,0.56,2017
Bosnia and Herzegovina, Spirits,0.57,2018
Botswana,Spirits,1.01,2005
Botswana,Spirits,1.07,2006
Botswana,Spirits,0.49,2007
Botswana,Spirits,2.08,2008
Botswana,Spirits,0.67,2009
Botswana, Spirits,0.64,2010
Botswana, Spirits,1.5,2011
Botswana, Spirits,0.57,2012
Botswana, Spirits,0.28,2013
Botswana, Spirits,0.28,2014
Botswana, Spirits,0.28,2015
Botswana, Spirits,0.28,2016
Botswana, Spirits,0.28,2017
Botswana, Spirits,0.28,2018
Brazil,Spirits,3.06,2005
Brazil,Spirits,3.07,2006
Brazil,Spirits,3,2007
Brazil,Spirits,2.92,2008
Brazil,Spirits,2.72,2009
Brazil, Spirits,2.62,2010
Brazil, Spirits,2.59,2011
Brazil, Spirits,2.52,2012
Brazil, Spirits,2.44,2013
Brazil, Spirits,2.34,2014
Brazil, Spirits,2.25,2015
Brazil, Spirits,2.16,2016
Brazil, Spirits,2.11,2017
Brazil, Spirits,2.06,2018
Brunei Darussalam,Spirits,0.05,2005
Brunei Darussalam,Spirits,0.11,2006
Brunei Darussalam,Spirits,0.06,2007
Brunei Darussalam,Spirits,0.05,2008
Brunei Darussalam,Spirits,0.05,2009
Brunei Darussalam, Spirits,0.03,2010
Brunei Darussalam, Spirits,0.05,2011
Brunei Darussalam, Spirits,0,2012
Brunei Darussalam, Spirits,0,2013
Brunei Darussalam, Spirits,0,2014
Brunei Darussalam, Spirits,0,2015
Brunei Darussalam, Spirits,0,2016
Brunei Darussalam, Spirits,0,2017
Brunei Darussalam, Spirits,0,2018
Bulgaria,Spirits,4.92,2005
Bulgaria,Spirits,4.8,2006
Bulgaria,Spirits,4.73,2007
Bulgaria,Spirits,4.79,2008
Bulgaria,Spirits,4.83,2009
Bulgaria, Spirits,5,2010
Bulgaria, Spirits,5.15,2011
Bulgaria, Spirits,4.96,2012
Bulgaria, Spirits,4.85,2013
Bulgaria, Spirits,4.74,2014
Bulgaria, Spirits,4.97,2015
Bulgaria, Spirits,4.95,2016
Bulgaria, Spirits,5.07,2017
Bulgaria, Spirits,5.2,2018
Burkina Faso,Spirits,0.43,2005
Burkina Faso,Spirits,0.5,2006
Burkina Faso,Spirits,0.2,2007
Burkina Faso,Spirits,0.13,2008
Burkina Faso,Spirits,0.14,2009
Burkina Faso, Spirits,0.12,2010
Burkina Faso, Spirits,0.13,2011
Burkina Faso, Spirits,0.2,2012
Burkina Faso, Spirits,0.24,2013
Burkina Faso, Spirits,0.27,2014
Burkina Faso, Spirits,0.23,2015
Burkina Faso, Spirits,0.23,2016
Burkina Faso, Spirits,0.23,2017
Burkina Faso, Spirits,0.23,2018
Burundi,Spirits,0,2005
Burundi,Spirits,0.01,2006
Burundi,Spirits,0.01,2007
Burundi,Spirits,0,2008
Burundi,Spirits,0,2009
Burundi, Spirits,0,2010
Burundi, Spirits,0,2011
Burundi, Spirits,0,2012
Burundi, Spirits,0.01,2013
Burundi, Spirits,0.01,2014
Burundi, Spirits,0.01,2015
Burundi, Spirits,0.01,2016
Burundi, Spirits,0.01,2017
Burundi, Spirits,0.01,2018
Cabo Verde,Spirits,0.14,2005
Cabo Verde,Spirits,0.47,2006
Cabo Verde,Spirits,0.74,2007
Cabo Verde,Spirits,0.32,2008
Cabo Verde,Spirits,0.48,2009
Cabo Verde, Spirits,0.61,2010
Cabo Verde, Spirits,0.7,2011
Cabo Verde, Spirits,1.16,2012
Cabo Verde, Spirits,0.28,2013
Cabo Verde, Spirits,0.28,2014
Cabo Verde, Spirits,0.28,2015
Cabo Verde, Spirits,0.28,2016
Cabo Verde, Spirits,0.28,2017
Cabo Verde, Spirits,0.28,2018
Cambodia,Spirits,0.33,2005
Cambodia,Spirits,0.34,2006
Cambodia,Spirits,0.35,2007
Cambodia,Spirits,0.36,2008
Cambodia,Spirits,0.37,2009
Cambodia, Spirits,0.39,2010
Cambodia, Spirits,0.4,2011
Cambodia, Spirits,0.41,2012
Cambodia, Spirits,0.41,2013
Cambodia, Spirits,0.4,2014
Cambodia, Spirits,0.4,2015
Cambodia, Spirits,0.38,2016
Cambodia, Spirits,0.38,2017
Cambodia, Spirits,0.39,2018
Cameroon,Spirits,0,2005
Cameroon,Spirits,0.05,2006
Cameroon,Spirits,0.07,2007
Cameroon,Spirits,0.06,2008
Cameroon,Spirits,0.01,2009
Cameroon, Spirits,0,2010
Cameroon, Spirits,0,2011
Cameroon, Spirits,0.03,2012
Cameroon, Spirits,0,2013
Cameroon, Spirits,0.01,2014
Cameroon, Spirits,0.01,2015
Cameroon, Spirits,0.01,2016
Cameroon, Spirits,0.01,2017
Cameroon, Spirits,0.01,2018
Canada,Spirits,2,2005
Canada,Spirits,2.1,2006
Canada,Spirits,2.1,2007
Canada,Spirits,2.1,2008
Canada,Spirits,2.1,2009
Canada, Spirits,2.1,2010
Canada, Spirits,2.1,2011
Canada, Spirits,2.1,2012
Canada, Spirits,2.1,2013
Canada, Spirits,2,2014
Canada, Spirits,2,2015
Canada, Spirits,2.1,2016
Canada, Spirits,2.1,2017
Canada, Spirits,2.1,2018
Central African Republic,Spirits,0.03,2005
Central African Republic,Spirits,0.04,2006
Central African Republic,Spirits,0.03,2007
Central African Republic,Spirits,0.02,2008
Central African Republic,Spirits,0.04,2009
Central African Republic, Spirits,0.04,2010
Central African Republic, Spirits,0.02,2011
Central African Republic, Spirits,0,2012
Central African Republic, Spirits,0,2013
Central African Republic, Spirits,0.02,2014
Central African Republic, Spirits,0.03,2015
Central African Republic, Spirits,0.03,2016
Central African Republic, Spirits,0.03,2017
Central African Republic, Spirits,0.03,2018
Chad,Spirits,0.02,2005
Chad,Spirits,0.02,2006
Chad,Spirits,0.02,2007
Chad,Spirits,0.02,2008
Chad,Spirits,0.02,2009
Chad, Spirits,0.03,2010
Chad, Spirits,0.04,2011
Chad, Spirits,0.04,2012
Chad, Spirits,0.04,2013
Chad, Spirits,0.03,2014
Chad, Spirits,0.01,2015
Chad, Spirits,0.01,2016
Chad, Spirits,0.01,2017
Chad, Spirits,0.01,2018
Chile,Spirits,2.97,2005
Chile,Spirits,2.85,2006
Chile,Spirits,2.22,2007
Chile,Spirits,2.71,2008
Chile,Spirits,2.5,2009
Chile, Spirits,2.1,2010
Chile, Spirits,2,2011
Chile, Spirits,3.15,2012
Chile, Spirits,2.19,2013
Chile, Spirits,2.28,2014
Chile, Spirits,2.43,2015
Chile, Spirits,2.43,2016
Chile, Spirits,2.43,2017
Chile, Spirits,2.43,2018
China,Spirits,1.69,2005
China,Spirits,1.88,2006
China,Spirits,2.37,2007
China,Spirits,2.64,2008
China,Spirits,3.19,2009
China, Spirits,3.91,2010
China, Spirits,3.64,2011
China, Spirits,3.7,2012
China, Spirits,3.7,2013
China, Spirits,3.73,2014
China, Spirits,3.75,2015
China, Spirits,3.77,2016
China, Spirits,3.78,2017
China, Spirits,3.75,2018
Colombia,Spirits,1.43,2005
Colombia,Spirits,1.41,2006
Colombia,Spirits,1.37,2007
Colombia,Spirits,1.29,2008
Colombia,Spirits,1.29,2009
Colombia, Spirits,1.33,2010
Colombia, Spirits,1.3,2011
Colombia, Spirits,1.28,2012
Colombia, Spirits,1.27,2013
Colombia, Spirits,1.23,2014
Colombia, Spirits,1.22,2015
Colombia, Spirits,1.24,2016
Colombia, Spirits,1.18,2017
Colombia, Spirits,1.14,2018
Comoros,Spirits,0.06,2005
Comoros,Spirits,0.09,2006
Comoros,Spirits,0.07,2007
Comoros,Spirits,0.06,2008
Comoros,Spirits,0.1,2009
Comoros, Spirits,0.07,2010
Comoros, Spirits,0.05,2011
Comoros, Spirits,0.04,2012
Comoros, Spirits,0.11,2013
Comoros, Spirits,0.11,2014
Comoros, Spirits,0.11,2015
Comoros, Spirits,0.11,2016
Comoros, Spirits,0.11,2017
Comoros, Spirits,0.11,2018
Congo-Brazzaville,Spirits,0.38,2005
Congo-Brazzaville,Spirits,0.36,2006
Congo-Brazzaville,Spirits,0.29,2007
Congo-Brazzaville,Spirits,0.4,2008
Congo-Brazzaville,Spirits,0.36,2009
Congo-Brazzaville, Spirits,0.44,2010
Congo-Brazzaville, Spirits,0.46,2011
Congo-Brazzaville, Spirits,0.48,2012
Congo-Brazzaville, Spirits,0.49,2013
Congo-Brazzaville, Spirits,0.48,2014
Congo-Brazzaville, Spirits,0.44,2015
Congo-Brazzaville, Spirits,0.39,2016
Congo-Brazzaville, Spirits,0.39,2017
Congo-Brazzaville, Spirits,0.46,2018
Congo-Kinshasa,Spirits,0.02,2005
Congo-Kinshasa,Spirits,0.02,2006
Congo-Kinshasa,Spirits,0.03,2007
Congo-Kinshasa,Spirits,0.08,2008
Congo-Kinshasa,Spirits,0.02,2009
Congo-Kinshasa, Spirits,0.02,2010
Congo-Kinshasa, Spirits,0.03,2011
Congo-Kinshasa, Spirits,0.03,2012
Congo-Kinshasa, Spirits,0.04,2013
Congo-Kinshasa, Spirits,0.04,2014
Congo-Kinshasa, Spirits,0.04,2015
Congo-Kinshasa, Spirits,0.03,2016
Congo-Kinshasa, Spirits,0.03,2017
Congo-Kinshasa, Spirits,0.03,2018
Costa Rica,Spirits,1.63,2005
Costa Rica,Spirits,1.64,2006
Costa Rica,Spirits,1.58,2007
Costa Rica,Spirits,1.55,2008
Costa Rica,Spirits,1.45,2009
Costa Rica, Spirits,1.31,2010
Costa Rica, Spirits,1.12,2011
Costa Rica, Spirits,0.96,2012
Costa Rica, Spirits,1.02,2013
Costa Rica, Spirits,0.99,2014
Costa Rica, Spirits,1.02,2015
Costa Rica, Spirits,1,2016
Costa Rica, Spirits,1.02,2017
Costa Rica, Spirits,0.98,2018
Croatia,Spirits,1.27,2005
Croatia,Spirits,1.27,2006
Croatia,Spirits,1.24,2007
Croatia,Spirits,1.24,2008
Croatia,Spirits,1.23,2009
Croatia, Spirits,1.19,2010
Croatia, Spirits,1.21,2011
Croatia, Spirits,1.24,2012
Croatia, Spirits,1.28,2013
Croatia, Spirits,1.33,2014
Croatia, Spirits,1.34,2015
Croatia, Spirits,1.35,2016
Croatia, Spirits,1.35,2017
Croatia, Spirits,1.36,2018
Cuba,Spirits,2.92,2005
Cuba,Spirits,2.52,2006
Cuba,Spirits,2.43,2007
Cuba,Spirits,2.52,2008
Cuba,Spirits,2.32,2009
Cuba, Spirits,2.4,2010
Cuba, Spirits,2.42,2011
Cuba, Spirits,2.39,2012
Cuba, Spirits,2.37,2013
Cuba, Spirits,2.5,2014
Cuba, Spirits,2.56,2015
Cuba, Spirits,2.57,2016
Cuba, Spirits,2.66,2017
Cuba, Spirits,2.71,2018
Cyprus,Spirits,5,2005
Cyprus,Spirits,4.97,2006
Cyprus,Spirits,4.95,2007
Cyprus,Spirits,5.17,2008
Cyprus,Spirits,4.53,2009
Cyprus, Spirits,4.87,2010
Cyprus, Spirits,4.61,2011
Cyprus, Spirits,4.48,2012
Cyprus, Spirits,3.26,2013
Cyprus, Spirits,3.62,2014
Cyprus, Spirits,4.02,2015
Cyprus, Spirits,4.02,2016
Cyprus, Spirits,4.02,2017
Cyprus, Spirits,4.02,2018
Czech Republic,Spirits,3.65,2005
Czech Republic,Spirits,3.74,2006
Czech Republic,Spirits,3.82,2007
Czech Republic,Spirits,3.77,2008
Czech Republic,Spirits,3.81,2009
Czech Republic, Spirits,3.26,2010
Czech Republic, Spirits,3.21,2011
Czech Republic, Spirits,3.12,2012
Czech Republic, Spirits,3.03,2013
Czech Republic, Spirits,3.13,2014
Czech Republic, Spirits,3.23,2015
Czech Republic, Spirits,3.28,2016
Czech Republic, Spirits,3.28,2017
Czech Republic, Spirits,3.28,2018
Denmark,Spirits,1.78,2005
Denmark,Spirits,1.69,2006
Denmark,Spirits,1.74,2007
Denmark,Spirits,1.66,2008
Denmark,Spirits,1.52,2009
Denmark, Spirits,1.44,2010
Denmark, Spirits,1.51,2011
Denmark, Spirits,1.51,2012
Denmark, Spirits,1.57,2013
Denmark, Spirits,1.59,2014
Denmark, Spirits,1.65,2015
Denmark, Spirits,1.62,2016
Denmark, Spirits,1.64,2017
Denmark, Spirits,1.65,2018
Djibouti,Spirits,0.94,2005
Djibouti,Spirits,0.75,2006
Djibouti,Spirits,0.22,2007
Djibouti,Spirits,0.21,2008
Djibouti,Spirits,0.21,2009
Djibouti, Spirits,0.23,2010
Djibouti, Spirits,0.22,2011
Djibouti, Spirits,0.21,2012
Djibouti, Spirits,0.22,2013
Djibouti, Spirits,0.22,2014
Djibouti, Spirits,0.19,2015
Djibouti, Spirits,0.19,2016
Djibouti, Spirits,0.16,2017
Djibouti, Spirits,0.14,2018
Dominica,Spirits,6.69,2005
Dominica,Spirits,7.09,2006
Dominica,Spirits,6.53,2007
Dominica,Spirits,7.38,2008
Dominica,Spirits,6.35,2009
Dominica, Spirits,7.66,2010
Dominica, Spirits,7.6,2011
Dominica, Spirits,7.54,2012
Dominica, Spirits,7.47,2013
Dominica, Spirits,7.41,2014
Dominica, Spirits,7.34,2015
Dominica, Spirits,7.23,2016
Dominica, Spirits,7.23,2017
Dominica, Spirits,7.23,2018
Dominican Republic,Spirits,2.85,2005
Dominican Republic,Spirits,2.7,2006
Dominican Republic,Spirits,3,2007
Dominican Republic,Spirits,2.91,2008
Dominican Republic,Spirits,2.68,2009
Dominican Republic, Spirits,2.61,2010
Dominican Republic, Spirits,2.5,2011
Dominican Republic, Spirits,2.48,2012
Dominican Republic, Spirits,2.43,2013
Dominican Republic, Spirits,2.33,2014
Dominican Republic, Spirits,2.34,2015
Dominican Republic, Spirits,2.28,2016
Dominican Republic, Spirits,2.24,2017
Dominican Republic, Spirits,2.18,2018
Ecuador,Spirits,1.58,2005
Ecuador,Spirits,1.37,2006
Ecuador,Spirits,1.4,2007
Ecuador,Spirits,1.32,2008
Ecuador,Spirits,1.19,2009
Ecuador, Spirits,1.21,2010
Ecuador, Spirits,1.15,2011
Ecuador, Spirits,0.96,2012
Ecuador, Spirits,0.75,2013
Ecuador, Spirits,0.72,2014
Ecuador, Spirits,0.62,2015
Ecuador, Spirits,0.55,2016
Ecuador, Spirits,0.53,2017
Ecuador, Spirits,0.6,2018
Egypt,Spirits,0.05,2005
Egypt,Spirits,0.05,2006
Egypt,Spirits,0.05,2007
Egypt,Spirits,0.06,2008
Egypt,Spirits,0.05,2009
Egypt, Spirits,0.07,2010
Egypt, Spirits,0.06,2011
Egypt, Spirits,0.07,2012
Egypt, Spirits,0.06,2013
Egypt, Spirits,0.07,2014
Egypt, Spirits,0.06,2015
Egypt, Spirits,0.04,2016
Egypt, Spirits,0.04,2017
Egypt, Spirits,0.04,2018
El Salvador,Spirits,1.73,2005
El Salvador,Spirits,1.66,2006
El Salvador,Spirits,1.69,2007
El Salvador,Spirits,1.59,2008
El Salvador,Spirits,1.52,2009
El Salvador, Spirits,1.33,2010
El Salvador, Spirits,1.33,2011
El Salvador, Spirits,1.36,2012
El Salvador, Spirits,1.25,2013
El Salvador, Spirits,1.32,2014
El Salvador, Spirits,1.33,2015
El Salvador, Spirits,1.32,2016
El Salvador, Spirits,1.37,2017
El Salvador, Spirits,1.38,2018
Equatorial Guinea,Spirits,2.39,2005
Equatorial Guinea,Spirits,2.85,2006
Equatorial Guinea,Spirits,3.07,2007
Equatorial Guinea,Spirits,1.57,2008
Equatorial Guinea,Spirits,1.45,2009
Equatorial Guinea, Spirits,1.72,2010
Equatorial Guinea, Spirits,1.55,2011
Equatorial Guinea, Spirits,1.52,2012
Equatorial Guinea, Spirits,1.55,2013
Equatorial Guinea, Spirits,1.27,2014
Equatorial Guinea, Spirits,1.11,2015
Equatorial Guinea, Spirits,1.18,2016
Equatorial Guinea, Spirits,1.27,2017
Equatorial Guinea, Spirits,1.19,2018
Eritrea,Spirits,0.02,2005
Eritrea,Spirits,0,2006
Eritrea,Spirits,0,2007
Eritrea,Spirits,0,2008
Eritrea,Spirits,0,2009
Eritrea, Spirits,0,2010
Eritrea, Spirits,0,2011
Eritrea, Spirits,0,2012
Eritrea, Spirits,0,2013
Eritrea, Spirits,0,2014
Eritrea, Spirits,0,2015
Eritrea, Spirits,0,2016
Eritrea, Spirits,0,2017
Eritrea, Spirits,0,2018
Estonia,Spirits,6.62,2005
Estonia,Spirits,7.87,2006
Estonia,Spirits,8.36,2007
Estonia,Spirits,7.69,2008
Estonia,Spirits,6.52,2009
Estonia, Spirits,5.94,2010
Estonia, Spirits,6.9,2011
Estonia, Spirits,7.11,2012
Estonia, Spirits,7.47,2013
Estonia, Spirits,7.11,2014
Estonia, Spirits,6.82,2015
Estonia, Spirits,6.29,2016
Estonia, Spirits,4.89,2017
Estonia, Spirits,4.62,2018
Eswatini,Spirits,0.15,2005
Eswatini,Spirits,0.5,2006
Eswatini,Spirits,0.41,2007
Eswatini,Spirits,0.02,2008
Eswatini,Spirits,0.03,2009
Ethiopia,Spirits,0.01,2005
Ethiopia,Spirits,0.01,2006
Ethiopia,Spirits,0.01,2007
Ethiopia,Spirits,0.01,2008
Ethiopia,Spirits,0.01,2009
Ethiopia, Spirits,0.01,2010
Ethiopia, Spirits,0.01,2011
Ethiopia, Spirits,0.01,2012
Ethiopia, Spirits,0.01,2013
Ethiopia, Spirits,0.01,2014
Ethiopia, Spirits,0.01,2015
Ethiopia, Spirits,0.01,2016
Ethiopia, Spirits,0.01,2017
Ethiopia, Spirits,0.01,2018
Fiji,Spirits,0.58,2005
Fiji,Spirits,0.67,2006
Fiji,Spirits,0.72,2007
Fiji,Spirits,0.58,2008
Fiji,Spirits,0.95,2009
Fiji, Spirits,0.88,2010
Fiji, Spirits,0.62,2011
Fiji, Spirits,0.64,2012
Fiji, Spirits,0.64,2013
Fiji, Spirits,0.64,2014
Fiji, Spirits,0.64,2015
Fiji, Spirits,0.64,2016
Fiji, Spirits,0.64,2017
Fiji, Spirits,0.64,2018
Finland,Spirits,2.82,2005
Finland,Spirits,2.86,2006
Finland,Spirits,1.87,2007
Finland,Spirits,1.75,2008
Finland,Spirits,1.62,2009
Finland, Spirits,1.5,2010
Finland, Spirits,1.44,2011
Finland, Spirits,1.38,2012
Finland, Spirits,1.3,2013
Finland, Spirits,1.24,2014
Finland, Spirits,1.18,2015
Finland, Spirits,1.15,2016
Finland, Spirits,1.14,2017
Finland, Spirits,1.1,2018
France,Spirits,2.62,2005
France,Spirits,2.7,2006
France,Spirits,2.72,2007
France,Spirits,2.72,2008
France,Spirits,2.7,2009
France, Spirits,2.65,2010
France, Spirits,2.64,2011
France, Spirits,2.54,2012
France, Spirits,2.5,2013
France, Spirits,2.47,2014
France, Spirits,2.42,2015
France, Spirits,2.43,2016
France, Spirits,2.41,2017
France, Spirits,2.35,2018
Gabon,Spirits,1.47,2005
Gabon,Spirits,1.41,2006
Gabon,Spirits,1.91,2007
Gabon,Spirits,1.45,2008
Gabon,Spirits,1.47,2009
Gabon, Spirits,1.53,2010
Gabon, Spirits,1.46,2011
Gabon, Spirits,1.19,2012
Gabon, Spirits,1.15,2013
Gabon, Spirits,1.03,2014
Gabon, Spirits,0.93,2015
Gabon, Spirits,0.79,2016
Gabon, Spirits,0.7,2017
Gabon, Spirits,0.68,2018
Gambia,Spirits,0,2005
Gambia,Spirits,0.04,2006
Gambia,Spirits,0.05,2007
Gambia,Spirits,0.01,2008
Gambia,Spirits,0.01,2009
Gambia, Spirits,0.01,2010
Gambia, Spirits,0.01,2011
Gambia, Spirits,0,2012
Gambia, Spirits,0,2013
Gambia, Spirits,0,2014
Gambia, Spirits,0,2015
Gambia, Spirits,0,2016
Gambia, Spirits,0,2017
Gambia, Spirits,0,2018
Georgia,Spirits,1.93,2005
Georgia,Spirits,1.96,2006
Georgia,Spirits,2.09,2007
Georgia,Spirits,2.09,2008
Georgia,Spirits,2.07,2009
Georgia, Spirits,2.94,2010
Georgia, Spirits,2.98,2011
Georgia, Spirits,3.09,2012
Georgia, Spirits,3.05,2013
Georgia, Spirits,3.09,2014
Georgia, Spirits,3,2015
Georgia, Spirits,2.79,2016
Georgia, Spirits,2.65,2017
Georgia, Spirits,2.63,2018
Germany,Spirits,2.29,2005
Germany,Spirits,2.28,2006
Germany,Spirits,2.16,2007
Germany,Spirits,2.16,2008
Germany,Spirits,2.15,2009
Germany, Spirits,2.15,2010
Germany, Spirits,2.08,2011
Germany, Spirits,2.08,2012
Germany, Spirits,2.07,2013
Germany, Spirits,2.07,2014
Germany, Spirits,2.07,2015
Germany, Spirits,2.07,2016
Germany, Spirits,2.07,2017
Germany, Spirits,2.07,2018
Ghana,Spirits,0.05,2005
Ghana,Spirits,0.05,2006
Ghana,Spirits,0.05,2007
Ghana,Spirits,0.04,2008
Ghana,Spirits,0.04,2009
Ghana, Spirits,0.36,2010
Ghana, Spirits,0.38,2011
Ghana, Spirits,0.41,2012
Ghana, Spirits,0.44,2013
Ghana, Spirits,0.58,2014
Ghana, Spirits,0.55,2015
Ghana, Spirits,0.47,2016
Ghana, Spirits,0.43,2017
Ghana, Spirits,0.42,2018
Greece,Spirits,2.23,2005
Greece,Spirits,2.23,2006
Greece,Spirits,2.22,2007
Greece,Spirits,2.18,2008
Greece,Spirits,2.13,2009
Greece, Spirits,1.8,2010
Greece, Spirits,1.59,2011
Greece, Spirits,1.46,2012
Greece, Spirits,1.47,2013
Greece, Spirits,1.46,2014
Greece, Spirits,1.41,2015
Greece, Spirits,1.4,2016
Greece, Spirits,1.44,2017
Greece, Spirits,1.4,2018
Grenada,Spirits,4.36,2005
Grenada,Spirits,4.39,2006
Grenada,Spirits,4.34,2007
Grenada,Spirits,4.26,2008
Grenada,Spirits,4.12,2009
Grenada, Spirits,3.99,2010
Grenada, Spirits,3.99,2011
Grenada, Spirits,4.09,2012
Grenada, Spirits,4.05,2013
Grenada, Spirits,4.01,2014
Grenada, Spirits,4.16,2015
Grenada, Spirits,4.3,2016
Grenada, Spirits,4.33,2017
Grenada, Spirits,4.34,2018
Guatemala,Spirits,1.14,2005
Guatemala,Spirits,1.16,2006
Guatemala,Spirits,1.2,2007
Guatemala,Spirits,1.17,2008
Guatemala,Spirits,1.19,2009
Guatemala, Spirits,1.16,2010
Guatemala, Spirits,1.14,2011
Guatemala, Spirits,0.94,2012
Guatemala, Spirits,0.85,2013
Guatemala, Spirits,0.7,2014
Guatemala, Spirits,0.69,2015
Guatemala, Spirits,0.65,2016
Guatemala, Spirits,0.66,2017
Guatemala, Spirits,0.68,2018
Guinea,Spirits,0.03,2005
Guinea,Spirits,0.01,2006
Guinea,Spirits,0.01,2007
Guinea,Spirits,0.01,2008
Guinea,Spirits,0.01,2009
Guinea, Spirits,0.01,2010
Guinea, Spirits,0.01,2011
Guinea, Spirits,0.01,2012
Guinea, Spirits,0.01,2013
Guinea, Spirits,0.01,2014
Guinea, Spirits,0.01,2015
Guinea, Spirits,0.01,2016
Guinea, Spirits,0.01,2017
Guinea, Spirits,0.01,2018
Guinea-Bissau,Spirits,0.51,2005
Guinea-Bissau,Spirits,0.54,2006
Guinea-Bissau,Spirits,0.53,2007
Guinea-Bissau,Spirits,0.56,2008
Guinea-Bissau,Spirits,0.55,2009
Guinea-Bissau, Spirits,0.55,2010
Guinea-Bissau, Spirits,0.55,2011
Guinea-Bissau, Spirits,0.42,2012
Guinea-Bissau, Spirits,0.41,2013
Guinea-Bissau, Spirits,0.41,2014
Guinea-Bissau, Spirits,0.41,2015
Guinea-Bissau, Spirits,0.41,2016
Guinea-Bissau, Spirits,0.41,2017
Guinea-Bissau, Spirits,0.41,2018
Guyana,Spirits,3.71,2005
Guyana,Spirits,3.39,2006
Guyana,Spirits,3.39,2007
Guyana,Spirits,3.37,2008
Guyana,Spirits,3.37,2009
Guyana, Spirits,3.3,2010
Guyana, Spirits,3.29,2011
Guyana, Spirits,3.3,2012
Guyana, Spirits,3.25,2013
Guyana, Spirits,3.33,2014
Guyana, Spirits,2.95,2015
Guyana, Spirits,2.73,2016
Guyana, Spirits,2.44,2017
Guyana, Spirits,2.32,2018
Haiti,Spirits,3.34,2005
Haiti,Spirits,3.34,2006
Haiti,Spirits,3.26,2007
Haiti,Spirits,3.32,2008
Haiti,Spirits,3.34,2009
Haiti, Spirits,2.13,2010
Haiti, Spirits,2.19,2011
Haiti, Spirits,2.26,2012
Haiti, Spirits,2.67,2013
Haiti, Spirits,2.47,2014
Haiti, Spirits,2.45,2015
Haiti, Spirits,2.5,2016
Haiti, Spirits,2.56,2017
Haiti, Spirits,2.51,2018
Honduras,Spirits,1.8,2005
Honduras,Spirits,1.8,2006
Honduras,Spirits,1.73,2007
Honduras,Spirits,1.66,2008
Honduras,Spirits,1.61,2009
Honduras, Spirits,1.59,2010
Honduras, Spirits,1.56,2011
Honduras, Spirits,1.54,2012
Honduras, Spirits,1.52,2013
Honduras, Spirits,1.26,2014
Honduras, Spirits,1.25,2015
Honduras, Spirits,1.17,2016
Honduras, Spirits,1.16,2017
Honduras, Spirits,1.21,2018
Hungary,Spirits,4.14,2005
Hungary,Spirits,4.32,2006
Hungary,Spirits,4.07,2007
Hungary,Spirits,4.18,2008
Hungary,Spirits,4.06,2009
Hungary, Spirits,3.64,2010
Hungary, Spirits,3.81,2011
Hungary, Spirits,3.86,2012
Hungary, Spirits,3.74,2013
Hungary, Spirits,4.09,2014
Hungary, Spirits,3.62,2015
Hungary, Spirits,3.74,2016
Hungary, Spirits,3.5,2017
Hungary, Spirits,3.5,2018
Iceland,Spirits,1.43,2005
Iceland,Spirits,1.45,2006
Iceland,Spirits,1.54,2007
Iceland,Spirits,1.52,2008
Iceland,Spirits,1.47,2009
Iceland, Spirits,1.21,2010
Iceland, Spirits,1.26,2011
Iceland, Spirits,1.1,2012
Iceland, Spirits,1.1,2013
Iceland, Spirits,1.13,2014
Iceland, Spirits,1.25,2015
Iceland, Spirits,1.16,2016
Iceland, Spirits,1.19,2017
Iceland, Spirits,1.22,2018
India,Spirits,1.16,2005
India,Spirits,1.24,2006
India,Spirits,1.44,2007
India,Spirits,1.78,2008
India,Spirits,2.32,2009
India, Spirits,2.57,2010
India, Spirits,2.78,2011
India, Spirits,2.87,2012
India, Spirits,2.85,2013
India, Spirits,2.81,2014
India, Spirits,2.8,2015
India, Spirits,2.74,2016
India, Spirits,2.64,2017
India, Spirits,2.83,2018
Indonesia,Spirits,0,2005
Indonesia,Spirits,0,2006
Indonesia,Spirits,0,2007
Indonesia,Spirits,0.01,2008
Indonesia,Spirits,0.01,2009
Indonesia, Spirits,0.01,2010
Indonesia, Spirits,0.01,2011
Indonesia, Spirits,0.01,2012
Indonesia, Spirits,0.01,2013
Indonesia, Spirits,0.01,2014
Indonesia, Spirits,0.01,2015
Indonesia, Spirits,0.01,2016
Indonesia, Spirits,0.01,2017
Indonesia, Spirits,0.01,2018
Iran,Spirits,0.01,2005
Iran,Spirits,0.02,2006
Iran,Spirits,0.02,2007
Iran,Spirits,0.02,2008
Iran,Spirits,0.03,2009
Iran, Spirits,0.03,2010
Iran, Spirits,0.03,2011
Iran, Spirits,0.02,2012
Iran, Spirits,0.01,2013
Iran, Spirits,0.01,2014
Iran, Spirits,0.01,2015
Iran, Spirits,0.02,2016
Iran, Spirits,0.03,2017
Iran, Spirits,0.03,2018
Iraq,Spirits,0.03,2005
Iraq,Spirits,0.03,2006
Iraq,Spirits,0.03,2007
Iraq,Spirits,0.04,2008
Iraq,Spirits,0.04,2009
Iraq, Spirits,0.04,2010
Iraq, Spirits,0.05,2011
Iraq, Spirits,0.05,2012
Iraq, Spirits,0.04,2013
Iraq, Spirits,0.04,2014
Iraq, Spirits,0.05,2015
Iraq, Spirits,0.05,2016
Iraq, Spirits,0.04,2017
Iraq, Spirits,0.05,2018
Ireland,Spirits,2.45,2005
Ireland,Spirits,2.52,2006
Ireland,Spirits,2.64,2007
Ireland,Spirits,2.4,2008
Ireland,Spirits,1.93,2009
Ireland, Spirits,2.13,2010
Ireland, Spirits,2.19,2011
Ireland, Spirits,2.24,2012
Ireland, Spirits,1.98,2013
Ireland, Spirits,1.96,2014
Ireland, Spirits,2,2015
Ireland, Spirits,2.16,2016
Ireland, Spirits,2.22,2017
Ireland, Spirits,2.32,2018
Israel,Spirits,1.27,2005
Israel,Spirits,1.21,2006
Israel,Spirits,1.15,2007
Israel,Spirits,1.19,2008
Israel,Spirits,1.27,2009
Israel, Spirits,1.24,2010
Israel, Spirits,1.21,2011
Israel, Spirits,1.25,2012
Israel, Spirits,1.21,2013
Israel, Spirits,1.05,2014
Israel, Spirits,1.04,2015
Israel, Spirits,1.09,2016
Israel, Spirits,1.13,2017
Israel, Spirits,1.13,2018
Italy,Spirits,1.07,2005
Italy,Spirits,0.98,2006
Italy,Spirits,0.84,2007
Italy,Spirits,0.84,2008
Italy,Spirits,0.84,2009
Italy, Spirits,0.84,2010
Italy, Spirits,0.84,2011
Italy, Spirits,0.79,2012
Italy, Spirits,0.79,2013
Italy, Spirits,0.79,2014
Italy, Spirits,0.74,2015
Italy, Spirits,0.69,2016
Italy, Spirits,0.79,2017
Italy, Spirits,0.79,2018
Ivory Coast,Spirits,0.02,2005
Ivory Coast,Spirits,0.02,2006
Ivory Coast,Spirits,0.05,2007
Ivory Coast,Spirits,0.06,2008
Ivory Coast,Spirits,0.06,2009
Ivory Coast, Spirits,0.1,2010
Ivory Coast, Spirits,0.11,2011
Ivory Coast, Spirits,0.12,2012
Ivory Coast, Spirits,0.12,2013
Ivory Coast, Spirits,0.11,2014
Ivory Coast, Spirits,0.11,2015
Ivory Coast, Spirits,0.1,2016
Ivory Coast, Spirits,0.1,2017
Ivory Coast, Spirits,0.1,2018
Jamaica,Spirits,1.6,2005
Jamaica,Spirits,1.54,2006
Jamaica,Spirits,1.44,2007
Jamaica,Spirits,1.36,2008
Jamaica,Spirits,1.45,2009
Jamaica, Spirits,1.7,2010
Jamaica, Spirits,1.75,2011
Jamaica, Spirits,1.78,2012
Jamaica, Spirits,1.84,2013
Jamaica, Spirits,1.81,2014
Jamaica, Spirits,1.78,2015
Jamaica, Spirits,1.57,2016
Jamaica, Spirits,1.57,2017
Jamaica, Spirits,1.69,2018
Japan,Spirits,3.36,2005
Japan,Spirits,3.37,2006
Japan,Spirits,2.62,2007
Japan,Spirits,2.62,2008
Japan,Spirits,2.64,2009
Japan, Spirits,2.61,2010
Japan, Spirits,2.6,2011
Japan, Spirits,2.59,2012
Japan, Spirits,2.64,2013
Japan, Spirits,2.54,2014
Japan, Spirits,2.6,2015
Japan, Spirits,2.58,2016
Japan, Spirits,2.58,2017
Japan, Spirits,2.59,2018
Jordan,Spirits,0.33,2005
Jordan,Spirits,0.35,2006
Jordan,Spirits,0.36,2007
Jordan,Spirits,0.37,2008
Jordan,Spirits,0.35,2009
Jordan, Spirits,0.36,2010
Jordan, Spirits,0.33,2011
Jordan, Spirits,0.31,2012
Jordan, Spirits,0.29,2013
Jordan, Spirits,0.29,2014
Jordan, Spirits,0.24,2015
Jordan, Spirits,0.22,2016
Jordan, Spirits,0.22,2017
Jordan, Spirits,0.2,2018
Kazakhstan,Spirits,4.39,2005
Kazakhstan,Spirits,4.37,2006
Kazakhstan,Spirits,2.11,2007
Kazakhstan,Spirits,1.84,2008
Kazakhstan,Spirits,1.61,2009
Kazakhstan, Spirits,1.84,2010
Kazakhstan, Spirits,1.64,2011
Kazakhstan, Spirits,1.75,2012
Kazakhstan, Spirits,1.9,2013
Kazakhstan, Spirits,1.55,2014
Kazakhstan, Spirits,1.38,2015
Kazakhstan, Spirits,1.51,2016
Kazakhstan, Spirits,1.35,2017
Kazakhstan, Spirits,1.35,2018
Kenya,Spirits,0.01,2005
Kenya,Spirits,0.01,2006
Kenya,Spirits,0.22,2007
Kenya,Spirits,0.24,2008
Kenya,Spirits,0.11,2009
Kenya, Spirits,0.56,2010
Kenya, Spirits,0.56,2011
Kenya, Spirits,0.55,2012
Kenya, Spirits,0.62,2013
Kenya, Spirits,0.72,2014
Kenya, Spirits,0.77,2015
Kenya, Spirits,0.81,2016
Kenya, Spirits,0.8,2017
Kenya, Spirits,0.85,2018
Kiribati,Spirits,0.02,2005
Kiribati,Spirits,0.03,2006
Kiribati,Spirits,0.03,2007
Kiribati,Spirits,0.02,2008
Kiribati,Spirits,0.05,2009
Kiribati, Spirits,0,2010
Kiribati, Spirits,0.08,2011
Kiribati, Spirits,0,2012
Kiribati, Spirits,0,2013
Kiribati, Spirits,0,2014
Kiribati, Spirits,0,2015
Kiribati, Spirits,0,2016
Kiribati, Spirits,0,2017
Kiribati, Spirits,0,2018
Kuwait,Spirits,0.01,2005
Kuwait,Spirits,0.01,2006
Kuwait,Spirits,0.01,2007
Kuwait,Spirits,0.01,2008
Kuwait,Spirits,0.01,2009
Kuwait, Spirits,0.01,2010
Kuwait, Spirits,0.01,2011
Kuwait, Spirits,0.01,2012
Kuwait, Spirits,0.01,2013
Kuwait, Spirits,0.01,2014
Kuwait, Spirits,0.01,2015
Kuwait, Spirits,0.01,2016
Kuwait, Spirits,0.01,2017
Kuwait, Spirits,0.01,2018
Kyrgyzstan,Spirits,5.79,2005
Kyrgyzstan,Spirits,6.04,2006
Kyrgyzstan,Spirits,6.13,2007
Kyrgyzstan,Spirits,6.2,2008
Kyrgyzstan,Spirits,5.43,2009
Kyrgyzstan, Spirits,5.47,2010
Kyrgyzstan, Spirits,5.36,2011
Kyrgyzstan, Spirits,5.19,2012
Kyrgyzstan, Spirits,5.08,2013
Kyrgyzstan, Spirits,4.93,2014
Kyrgyzstan, Spirits,4.05,2015
Kyrgyzstan, Spirits,3.91,2016
Kyrgyzstan, Spirits,3.51,2017
Kyrgyzstan, Spirits,3.28,2018
Laos,Spirits,2.28,2005
Laos,Spirits,2.21,2006
Laos,Spirits,3.28,2007
Laos,Spirits,3.11,2008
Laos,Spirits,3.07,2009
Laos, Spirits,3.61,2010
Laos, Spirits,3.63,2011
Laos, Spirits,3.46,2012
Laos, Spirits,3.39,2013
Laos, Spirits,3.39,2014
Laos, Spirits,3.39,2015
Laos, Spirits,3.39,2016
Laos, Spirits,3.39,2017
Laos, Spirits,3.39,2018
Latvia,Spirits,4.57,2005
Latvia,Spirits,4.48,2006
Latvia,Spirits,5.91,2007
Latvia,Spirits,5.8,2008
Latvia,Spirits,3.94,2009
Latvia, Spirits,3.64,2010
Latvia, Spirits,3.57,2011
Latvia, Spirits,3.77,2012
Latvia, Spirits,3.99,2013
Latvia, Spirits,4,2014
Latvia, Spirits,4.1,2015
Latvia, Spirits,4.5,2016
Latvia, Spirits,5.1,2017
Latvia, Spirits,5.1,2018
Lebanon,Spirits,0.75,2005
Lebanon,Spirits,0.76,2006
Lebanon,Spirits,0.79,2007
Lebanon,Spirits,0.85,2008
Lebanon,Spirits,0.88,2009
Lebanon, Spirits,0.85,2010
Lebanon, Spirits,0.82,2011
Lebanon, Spirits,0.75,2012
Lebanon, Spirits,0.69,2013
Lebanon, Spirits,0.64,2014
Lebanon, Spirits,0.59,2015
Lebanon, Spirits,0.59,2016
Lebanon, Spirits,0.62,2017
Lebanon, Spirits,0.63,2018
Lesotho,Spirits,0.01,2005
Lesotho,Spirits,0.53,2006
Lesotho,Spirits,0.54,2007
Lesotho,Spirits,0.55,2008
Lesotho,Spirits,0.54,2009
Lesotho, Spirits,0.59,2010
Lesotho, Spirits,0.58,2011
Lesotho, Spirits,0.6,2012
Lesotho, Spirits,0.3,2013
Lesotho, Spirits,0.3,2014
Lesotho, Spirits,0.3,2015
Lesotho, Spirits,0.3,2016
Lesotho, Spirits,0.3,2017
Lesotho, Spirits,0.3,2018
Liberia,Spirits,3.9,2005
Liberia,Spirits,3.76,2006
Liberia,Spirits,3.69,2007
Liberia,Spirits,3.55,2008
Liberia,Spirits,3.41,2009
Liberia, Spirits,3.29,2010
Liberia, Spirits,3.19,2011
Liberia, Spirits,3.19,2012
Liberia, Spirits,3.11,2013
Liberia, Spirits,3.11,2014
Liberia, Spirits,3.11,2015
Liberia, Spirits,3.11,2016
Liberia, Spirits,3.11,2017
Liberia, Spirits,3.11,2018
Libya,Spirits,0,2005
Libya,Spirits,0,2006
Libya,Spirits,0,2007
Libya,Spirits,0.01,2008
Libya,Spirits,0.01,2009
Libya, Spirits,0,2010
Libya, Spirits,0,2011
Libya, Spirits,0.01,2012
Libya, Spirits,0,2013
Libya, Spirits,0,2014
Libya, Spirits,0,2015
Libya, Spirits,0,2016
Libya, Spirits,0,2017
Libya, Spirits,0,2018
Lithuania,Spirits,4.66,2005
Lithuania,Spirits,4.92,2006
Lithuania,Spirits,5.76,2007
Lithuania,Spirits,5.78,2008
Lithuania,Spirits,5,2009
Lithuania, Spirits,4.65,2010
Lithuania, Spirits,5.51,2011
Lithuania, Spirits,5.63,2012
Lithuania, Spirits,5.74,2013
Lithuania, Spirits,5.82,2014
Lithuania, Spirits,5.78,2015
Lithuania, Spirits,5.51,2016
Lithuania, Spirits,4.97,2017
Lithuania, Spirits,4.75,2018
Luxembourg,Spirits,2.45,2005
Luxembourg,Spirits,2.49,2006
Luxembourg,Spirits,2.44,2007
Luxembourg,Spirits,2.44,2008
Luxembourg,Spirits,2.43,2009
Luxembourg, Spirits,2.4,2010
Luxembourg, Spirits,2.36,2011
Luxembourg, Spirits,2.31,2012
Luxembourg, Spirits,2.29,2013
Luxembourg, Spirits,2.27,2014
Luxembourg, Spirits,2.25,2015
Luxembourg, Spirits,2.25,2016
Luxembourg, Spirits,2.24,2017
Luxembourg, Spirits,2.21,2018
Madagascar,Spirits,0.33,2005
Madagascar,Spirits,0.17,2006
Madagascar,Spirits,0.16,2007
Madagascar,Spirits,0.14,2008
Madagascar,Spirits,0.34,2009
Madagascar, Spirits,0.33,2010
Madagascar, Spirits,0.3,2011
Madagascar, Spirits,0.31,2012
Madagascar, Spirits,0.34,2013
Madagascar, Spirits,0.26,2014
Madagascar, Spirits,0.34,2015
Madagascar, Spirits,0.34,2016
Madagascar, Spirits,0.34,2017
Madagascar, Spirits,0.34,2018
Malawi,Spirits,0.22,2005
Malawi,Spirits,0.22,2006
Malawi,Spirits,0.19,2007
Malawi,Spirits,0.15,2008
Malawi,Spirits,0.2,2009
Malawi, Spirits,0.17,2010
Malawi, Spirits,0.16,2011
Malawi, Spirits,0.27,2012
Malawi, Spirits,0.22,2013
Malawi, Spirits,0.1,2014
Malawi, Spirits,0.19,2015
Malawi, Spirits,0.19,2016
Malawi, Spirits,0.19,2017
Malawi, Spirits,0.19,2018
Malaysia,Spirits,0.08,2005
Malaysia,Spirits,0.08,2006
Malaysia,Spirits,0.08,2007
Malaysia,Spirits,0.09,2008
Malaysia,Spirits,0.09,2009
Malaysia, Spirits,0.1,2010
Malaysia, Spirits,0.11,2011
Malaysia, Spirits,0.11,2012
Malaysia, Spirits,0.11,2013
Malaysia, Spirits,0.11,2014
Malaysia, Spirits,0.11,2015
Malaysia, Spirits,0.11,2016
Malaysia, Spirits,0.11,2017
Malaysia, Spirits,0.1,2018
Maldives,Spirits,0.58,2005
Maldives,Spirits,0.65,2006
Maldives,Spirits,0.67,2007
Maldives,Spirits,0.71,2008
Maldives,Spirits,0.71,2009
Maldives, Spirits,0.65,2010
Maldives, Spirits,0.71,2011
Maldives, Spirits,0.34,2012
Maldives, Spirits,0.34,2013
Maldives, Spirits,0.34,2014
Maldives, Spirits,0.34,2015
Maldives, Spirits,0.34,2016
Maldives, Spirits,0.34,2017
Maldives, Spirits,0.34,2018
Mali,Spirits,0,2005
Mali,Spirits,0.01,2006
Mali,Spirits,0.01,2007
Mali,Spirits,0.02,2008
Mali,Spirits,0.01,2009
Mali, Spirits,0.02,2010
Mali, Spirits,0.02,2011
Mali, Spirits,0,2012
Mali, Spirits,0,2013
Mali, Spirits,0,2014
Mali, Spirits,0,2015
Mali, Spirits,0,2016
Mali, Spirits,0,2017
Mali, Spirits,0,2018
Malta,Spirits,1.54,2005
Malta,Spirits,1.56,2006
Malta,Spirits,1.58,2007
Malta,Spirits,1.51,2008
Malta,Spirits,1.52,2009
Malta, Spirits,1.68,2010
Malta, Spirits,1.81,2011
Malta, Spirits,1.94,2012
Malta, Spirits,2.13,2013
Malta, Spirits,2.06,2014
Malta, Spirits,2.12,2015
Malta, Spirits,2.16,2016
Malta, Spirits,2.24,2017
Malta, Spirits,2.31,2018
Mauritania,Spirits,0.01,2005
Mauritania,Spirits,0.01,2006
Mauritania,Spirits,0.02,2007
Mauritania,Spirits,0.01,2008
Mauritania,Spirits,0,2009
Mauritania, Spirits,0,2010
Mauritania, Spirits,0,2011
Mauritania, Spirits,0,2012
Mauritania, Spirits,0,2013
Mauritania, Spirits,0,2014
Mauritania, Spirits,0,2015
Mauritania, Spirits,0,2016
Mauritania, Spirits,0,2017
Mauritania, Spirits,0,2018
Mauritius,Spirits,1.66,2005
Mauritius,Spirits,1.61,2006
Mauritius,Spirits,1.12,2007
Mauritius,Spirits,0.56,2008
Mauritius,Spirits,0.58,2009
Mauritius, Spirits,0.78,2010
Mauritius, Spirits,0.87,2011
Mauritius, Spirits,0.81,2012
Mauritius, Spirits,0.8,2013
Mauritius, Spirits,0.79,2014
Mauritius, Spirits,0.79,2015
Mauritius, Spirits,0.79,2016
Mauritius, Spirits,0.79,2017
Mauritius, Spirits,0.79,2018
Mexico,Spirits,1,2005
Mexico,Spirits,1.05,2006
Mexico,Spirits,0.23,2007
Mexico,Spirits,0.28,2008
Mexico,Spirits,0.26,2009
Mexico, Spirits,0.23,2010
Mexico, Spirits,0.18,2011
Mexico, Spirits,0.12,2012
Mexico, Spirits,0.19,2013
Mexico, Spirits,0.24,2014
Mexico, Spirits,0.24,2015
Mexico, Spirits,0.19,2016
Mexico, Spirits,0.19,2017
Mexico, Spirits,0.19,2018
Micronesia,Spirits,0.25,2005
Micronesia,Spirits,0.94,2006
Micronesia,Spirits,0.77,2007
Micronesia,Spirits,0.76,2008
Micronesia,Spirits,0.85,2009
Micronesia, Spirits,0.6,2010
Micronesia, Spirits,0.51,2011
Micronesia, Spirits,0.56,2012
Micronesia, Spirits,0.5,2013
Micronesia, Spirits,0.52,2014
Micronesia, Spirits,0.52,2015
Micronesia, Spirits,0.52,2016
Micronesia, Spirits,0.52,2017
Micronesia, Spirits,0.52,2018
Moldova,Spirits,3.34,2005
Moldova,Spirits,3.27,2006
Moldova,Spirits,2.55,2007
Moldova,Spirits,2.15,2008
Moldova,Spirits,1.55,2009
Moldova, Spirits,1.68,2010
Moldova, Spirits,2.07,2011
Moldova, Spirits,2.55,2012
Moldova, Spirits,3.13,2013
Moldova, Spirits,2.83,2014
Moldova, Spirits,2.34,2015
Moldova, Spirits,2.09,2016
Moldova, Spirits,2.25,2017
Moldova, Spirits,2.25,2018
Mongolia,Spirits,4.25,2005
Mongolia,Spirits,3.47,2006
Mongolia,Spirits,7.38,2007
Mongolia,Spirits,6.9,2008
Mongolia,Spirits,4.38,2009
Mongolia, Spirits,4.9,2010
Mongolia, Spirits,3.17,2011
Mongolia, Spirits,3.67,2012
Mongolia, Spirits,8.85,2013
Mongolia, Spirits,6.41,2014
Mongolia, Spirits,5.06,2015
Mongolia, Spirits,3.4,2016
Mongolia, Spirits,2.82,2017
Mongolia, Spirits,1.93,2018
Montenegro,Spirits,,2005
Montenegro,Spirits,2.2,2006
Montenegro,Spirits,2.25,2007
Montenegro,Spirits,2.29,2008
Montenegro,Spirits,2.31,2009
Montenegro, Spirits,2.31,2010
Montenegro, Spirits,2.4,2011
Montenegro, Spirits,2.48,2012
Montenegro, Spirits,2.57,2013
Montenegro, Spirits,2.66,2014
Montenegro, Spirits,2.78,2015
Montenegro, Spirits,2.93,2016
Montenegro, Spirits,3.04,2017
Montenegro, Spirits,3.15,2018
Morocco,Spirits,0.06,2005
Morocco,Spirits,0.07,2006
Morocco,Spirits,0.08,2007
Morocco,Spirits,0.09,2008
Morocco,Spirits,0.1,2009
Morocco, Spirits,0.09,2010
Morocco, Spirits,0.09,2011
Morocco, Spirits,0.08,2012
Morocco, Spirits,0.07,2013
Morocco, Spirits,0.07,2014
Morocco, Spirits,0.06,2015
Morocco, Spirits,0.07,2016
Morocco, Spirits,0.07,2017
Morocco, Spirits,0.08,2018
Mozambique,Spirits,0,2005
Mozambique,Spirits,0,2006
Mozambique,Spirits,0.04,2007
Mozambique,Spirits,0.06,2008
Mozambique,Spirits,0.05,2009
Mozambique, Spirits,0.13,2010
Mozambique, Spirits,0.13,2011
Mozambique, Spirits,0.15,2012
Mozambique, Spirits,0.16,2013
Mozambique, Spirits,0.17,2014
Mozambique, Spirits,0.17,2015
Mozambique, Spirits,0.15,2016
Mozambique, Spirits,0.19,2017
Mozambique, Spirits,0.21,2018
Myanmar,Spirits,0.5,2005
Myanmar,Spirits,0.55,2006
Myanmar,Spirits,0.62,2007
Myanmar,Spirits,0.66,2008
Myanmar,Spirits,0.74,2009
Myanmar, Spirits,0.82,2010
Myanmar, Spirits,0.92,2011
Myanmar, Spirits,1,2012
Myanmar, Spirits,1.03,2013
Myanmar, Spirits,1.04,2014
Myanmar, Spirits,1.09,2015
Myanmar, Spirits,1.18,2016
Myanmar, Spirits,1.3,2017
Myanmar, Spirits,1.33,2018
Namibia,Spirits,0.98,2005
Namibia,Spirits,0.8,2006
Namibia,Spirits,0.79,2007
Namibia,Spirits,0.04,2008
Namibia,Spirits,0.07,2009
Namibia, Spirits,0.07,2010
Namibia, Spirits,0.22,2011
Namibia, Spirits,0.64,2012
Namibia, Spirits,0.67,2013
Namibia, Spirits,0.72,2014
Namibia, Spirits,0.71,2015
Namibia, Spirits,0.67,2016
Namibia, Spirits,0.62,2017
Namibia, Spirits,0.57,2018
Nauru,Spirits,0.12,2005
Nauru,Spirits,0.3,2006
Nauru,Spirits,0.3,2007
Nauru,Spirits,0.6,2008
Nauru,Spirits,0.12,2009
Nauru, Spirits,2.35,2010
Nauru, Spirits,2.3,2011
Nauru, Spirits,2.56,2012
Nauru, Spirits,1.61,2013
Nauru, Spirits,1.61,2014
Nauru, Spirits,1.61,2015
Nauru, Spirits,1.61,2016
Nauru, Spirits,1.61,2017
Nauru, Spirits,1.61,2018
Nepal,Spirits,0.14,2005
Nepal,Spirits,0.12,2006
Nepal,Spirits,0.12,2007
Nepal,Spirits,0.12,2008
Nepal,Spirits,0.12,2009
Nepal, Spirits,0.12,2010
Nepal, Spirits,0.12,2011
Nepal, Spirits,0.12,2012
Nepal, Spirits,0.12,2013
Nepal, Spirits,0.1,2014
Nepal, Spirits,0.1,2015
Nepal, Spirits,0.1,2016
Nepal, Spirits,0.1,2017
Nepal, Spirits,0.1,2018
Netherlands,Spirits,1.58,2005
Netherlands,Spirits,1.57,2006
Netherlands,Spirits,1.58,2007
Netherlands,Spirits,1.57,2008
Netherlands,Spirits,1.54,2009
Netherlands, Spirits,1.53,2010
Netherlands, Spirits,1.49,2011
Netherlands, Spirits,1.52,2012
Netherlands, Spirits,1.52,2013
Netherlands, Spirits,1.32,2014
Netherlands, Spirits,1.32,2015
Netherlands, Spirits,1.35,2016
Netherlands, Spirits,1.38,2017
Netherlands, Spirits,1.41,2018
New Zealand,Spirits,1.37,2005
New Zealand,Spirits,1.34,2006
New Zealand,Spirits,1.17,2007
New Zealand,Spirits,1.3,2008
New Zealand,Spirits,1.29,2009
New Zealand, Spirits,1.52,2010
New Zealand, Spirits,1.53,2011
New Zealand, Spirits,1.52,2012
New Zealand, Spirits,1.52,2013
New Zealand, Spirits,1.47,2014
New Zealand, Spirits,1.4,2015
New Zealand, Spirits,1.49,2016
New Zealand, Spirits,1.49,2017
New Zealand, Spirits,1.56,2018
Nicaragua,Spirits,2.51,2005
Nicaragua,Spirits,2.46,2006
Nicaragua,Spirits,2.46,2007
Nicaragua,Spirits,2.21,2008
Nicaragua,Spirits,2,2009
Nicaragua, Spirits,2.01,2010
Nicaragua, Spirits,2.02,2011
Nicaragua, Spirits,2.26,2012
Nicaragua, Spirits,2.19,2013
Nicaragua, Spirits,2.13,2014
Nicaragua, Spirits,2.25,2015
Nicaragua, Spirits,2.25,2016
Nicaragua, Spirits,2.24,2017
Nicaragua, Spirits,2.18,2018
Niger,Spirits,0.03,2005
Niger,Spirits,0.04,2006
Niger,Spirits,0.04,2007
Niger,Spirits,0.04,2008
Niger,Spirits,0.04,2009
Niger, Spirits,0.05,2010
Niger, Spirits,0.07,2011
Niger, Spirits,0.09,2012
Niger, Spirits,0.04,2013
Niger, Spirits,0.06,2014
Niger, Spirits,0.07,2015
Niger, Spirits,0.07,2016
Niger, Spirits,0.07,2017
Niger, Spirits,0.07,2018
Nigeria,Spirits,0.02,2005
Nigeria,Spirits,0.02,2006
Nigeria,Spirits,0.06,2007
Nigeria,Spirits,0.03,2008
Nigeria,Spirits,0.03,2009
Nigeria, Spirits,0.09,2010
Nigeria, Spirits,0.06,2011
Nigeria, Spirits,0.06,2012
Nigeria, Spirits,0.06,2013
Nigeria, Spirits,0.08,2014
Nigeria, Spirits,0.06,2015
Nigeria, Spirits,0.06,2016
Nigeria, Spirits,0.06,2017
Nigeria, Spirits,0.06,2018
Niue,Spirits,2.88,2005
Niue,Spirits,2.89,2006
Niue,Spirits,2.53,2007
Niue,Spirits,3.26,2008
Niue,Spirits,3.25,2009
Niue, Spirits,2.16,2010
Niue, Spirits,2.15,2011
Niue, Spirits,5.74,2012
Niue, Spirits,2.5,2013
Niue, Spirits,2.5,2014
Niue, Spirits,2.5,2015
Niue, Spirits,2.5,2016
Niue, Spirits,2.5,2017
Niue, Spirits,2.5,2018
North Korea,Spirits,3.01,2005
North Korea,Spirits,3.08,2006
North Korea,Spirits,2.94,2007
North Korea,Spirits,3.01,2008
North Korea,Spirits,3.19,2009
North Korea, Spirits,2.95,2010
North Korea, Spirits,3.23,2011
North Korea, Spirits,3.51,2012
North Korea, Spirits,3.25,2013
North Korea, Spirits,3.29,2014
North Korea, Spirits,3.24,2015
North Korea, Spirits,3.24,2016
North Korea, Spirits,3.24,2017
North Korea, Spirits,3.24,2018
North Macedonia,Spirits,0.78,2005
North Macedonia,Spirits,0.92,2006
North Macedonia,Spirits,0.93,2007
North Macedonia,Spirits,0.89,2008
North Macedonia,Spirits,0.87,2009
North Macedonia, Spirits,0.86,2010
North Macedonia, Spirits,0.84,2011
North Macedonia, Spirits,0.81,2012
North Macedonia, Spirits,0.83,2013
North Macedonia, Spirits,0.83,2014
North Macedonia, Spirits,0.83,2015
North Macedonia, Spirits,0.85,2016
North Macedonia, Spirits,0.87,2017
North Macedonia, Spirits,0.89,2018
Norway,Spirits,1.28,2005
Norway,Spirits,1.3,2006
Norway,Spirits,1.35,2007
Norway,Spirits,1.33,2008
Norway,Spirits,1.31,2009
Norway, Spirits,1.25,2010
Norway, Spirits,1.18,2011
Norway, Spirits,1.11,2012
Norway, Spirits,1.09,2013
Norway, Spirits,1.04,2014
Norway, Spirits,1.03,2015
Norway, Spirits,1.01,2016
Norway, Spirits,1.01,2017
Norway, Spirits,0.97,2018
Oman,Spirits,0.39,2005
Oman,Spirits,0.32,2006
Oman,Spirits,0.3,2007
Oman,Spirits,0.29,2008
Oman,Spirits,0.27,2009
Oman, Spirits,0.28,2010
Oman, Spirits,0.28,2011
Oman, Spirits,0.28,2012
Oman, Spirits,0.26,2013
Oman, Spirits,0.24,2014
Oman, Spirits,0.24,2015
Oman, Spirits,0.23,2016
Oman, Spirits,0.22,2017
Oman, Spirits,0.21,2018
Pakistan,Spirits,0.03,2005
Pakistan,Spirits,0.03,2006
Pakistan,Spirits,0.03,2007
Pakistan,Spirits,0.03,2008
Pakistan,Spirits,0.03,2009
Pakistan, Spirits,0.03,2010
Pakistan, Spirits,0.03,2011
Pakistan, Spirits,0.03,2012
Pakistan, Spirits,0.03,2013
Pakistan, Spirits,0.03,2014
Pakistan, Spirits,0.04,2015
Pakistan, Spirits,0.04,2016
Pakistan, Spirits,0.04,2017
Pakistan, Spirits,0.04,2018
Panama,Spirits,1.78,2005
Panama,Spirits,1.73,2006
Panama,Spirits,1.76,2007
Panama,Spirits,1.89,2008
Panama,Spirits,1.86,2009
Panama, Spirits,1.8,2010
Panama, Spirits,1.74,2011
Panama, Spirits,1.71,2012
Panama, Spirits,1.56,2013
Panama, Spirits,1.29,2014
Panama, Spirits,1.31,2015
Panama, Spirits,1.3,2016
Panama, Spirits,1.2,2017
Panama, Spirits,1.24,2018
Papua New Guinea,Spirits,0.01,2005
Papua New Guinea,Spirits,0.02,2006
Papua New Guinea,Spirits,0.02,2007
Papua New Guinea,Spirits,0.03,2008
Papua New Guinea,Spirits,0.01,2009
Papua New Guinea, Spirits,0.01,2010
Papua New Guinea, Spirits,0,2011
Papua New Guinea, Spirits,0.04,2012
Papua New Guinea, Spirits,0.05,2013
Papua New Guinea, Spirits,0.05,2014
Papua New Guinea, Spirits,0.05,2015
Papua New Guinea, Spirits,0.05,2016
Papua New Guinea, Spirits,0.05,2017
Papua New Guinea, Spirits,0.05,2018
Paraguay,Spirits,1.7,2005
Paraguay,Spirits,1.7,2006
Paraguay,Spirits,1.74,2007
Paraguay,Spirits,1.61,2008
Paraguay,Spirits,1.53,2009
Paraguay, Spirits,1.83,2010
Paraguay, Spirits,1.83,2011
Paraguay, Spirits,1.76,2012
Paraguay, Spirits,1.74,2013
Paraguay, Spirits,1.7,2014
Paraguay, Spirits,1.63,2015
Paraguay, Spirits,1.63,2016
Paraguay, Spirits,1.59,2017
Paraguay, Spirits,1.6,2018
Peru,Spirits,2.1,2005
Peru,Spirits,1.72,2006
Peru,Spirits,1.49,2007
Peru,Spirits,1.66,2008
Peru,Spirits,1.62,2009
Peru, Spirits,1.65,2010
Peru, Spirits,1.62,2011
Peru, Spirits,1.61,2012
Peru, Spirits,1.62,2013
Peru, Spirits,1.73,2014
Peru, Spirits,1.8,2015
Peru, Spirits,1.8,2016
Peru, Spirits,1.8,2017
Peru, Spirits,1.8,2018
Philippines,Spirits,2.89,2005
Philippines,Spirits,2.9,2006
Philippines,Spirits,2.94,2007
Philippines,Spirits,2.9,2008
Philippines,Spirits,3.08,2009
Philippines, Spirits,3.29,2010
Philippines, Spirits,3.44,2011
Philippines, Spirits,3.67,2012
Philippines, Spirits,3.49,2013
Philippines, Spirits,3.48,2014
Philippines, Spirits,3.37,2015
Philippines, Spirits,3.25,2016
Philippines, Spirits,3.32,2017
Philippines, Spirits,3.4,2018
Poland,Spirits,3,2005
Poland,Spirits,3.22,2006
Poland,Spirits,3.57,2007
Poland,Spirits,4.03,2008
Poland,Spirits,3.78,2009
Poland, Spirits,3.77,2010
Poland, Spirits,3.77,2011
Poland, Spirits,3.53,2012
Poland, Spirits,4.23,2013
Poland, Spirits,3.76,2014
Poland, Spirits,3.76,2015
Poland, Spirits,3.76,2016
Poland, Spirits,3.87,2017
Poland, Spirits,3.88,2018
Portugal,Spirits,2.01,2005
Portugal,Spirits,2.01,2006
Portugal,Spirits,2.01,2007
Portugal,Spirits,1.85,2008
Portugal,Spirits,1.63,2009
Portugal, Spirits,1.41,2010
Portugal, Spirits,1.4,2011
Portugal, Spirits,1.4,2012
Portugal, Spirits,1.4,2013
Portugal, Spirits,1.4,2014
Portugal, Spirits,1.34,2015
Portugal, Spirits,1.34,2016
Portugal, Spirits,1.34,2017
Portugal, Spirits,1.34,2018
Qatar,Spirits,0.66,2005
Qatar,Spirits,0.65,2006
Qatar,Spirits,0.69,2007
Qatar,Spirits,0.71,2008
Qatar,Spirits,0.65,2009
Qatar, Spirits,0.69,2010
Qatar, Spirits,0.69,2011
Qatar, Spirits,0.66,2012
Qatar, Spirits,0.68,2013
Qatar, Spirits,0.66,2014
Qatar, Spirits,0.68,2015
Qatar, Spirits,0.66,2016
Qatar, Spirits,0.65,2017
Qatar, Spirits,0.64,2018
Romania,Spirits,3.21,2005
Romania,Spirits,2.25,2006
Romania,Spirits,2.01,2007
Romania,Spirits,2.96,2008
Romania,Spirits,2.49,2009
Romania, Spirits,2.02,2010
Romania, Spirits,1.54,2011
Romania, Spirits,1.3,2012
Romania, Spirits,1.42,2013
Romania, Spirits,1.42,2014
Romania, Spirits,1.54,2015
Romania, Spirits,1.77,2016
Romania, Spirits,1.77,2017
Romania, Spirits,1.77,2018
Russia,Spirits,6.9,2005
Russia,Spirits,6.72,2006
Russia,Spirits,6.34,2007
Russia,Spirits,6.16,2008
Russia,Spirits,5.79,2009
Russia, Spirits,5.55,2010
Russia, Spirits,5.52,2011
Russia, Spirits,5.46,2012
Russia, Spirits,4.83,2013
Russia, Spirits,4.12,2014
Russia, Spirits,3.6,2015
Russia, Spirits,3.59,2016
Russia, Spirits,3.09,2017
Russia, Spirits,3.21,2018
Rwanda,Spirits,0,2005
Rwanda,Spirits,0.02,2006
Rwanda,Spirits,0.03,2007
Rwanda,Spirits,0.03,2008
Rwanda,Spirits,0.03,2009
Rwanda, Spirits,0.04,2010
Rwanda, Spirits,0.09,2011
Rwanda, Spirits,0.13,2012
Rwanda, Spirits,0.19,2013
Rwanda, Spirits,0.13,2014
Rwanda, Spirits,0.04,2015
Rwanda, Spirits,0.04,2016
Rwanda, Spirits,0.04,2017
Rwanda, Spirits,0.04,2018
Saint Kitts and Nevis,Spirits,5.78,2005
Saint Kitts and Nevis,Spirits,6.31,2006
Saint Kitts and Nevis,Spirits,5.53,2007
Saint Kitts and Nevis,Spirits,5.23,2008
Saint Kitts and Nevis,Spirits,4.87,2009
Saint Kitts and Nevis, Spirits,3.9,2010
Saint Kitts and Nevis, Spirits,4.05,2011
Saint Kitts and Nevis, Spirits,4.15,2012
Saint Kitts and Nevis, Spirits,4.14,2013
Saint Kitts and Nevis, Spirits,4.2,2014
Saint Kitts and Nevis, Spirits,4.07,2015
Saint Kitts and Nevis, Spirits,4.07,2016
Saint Kitts and Nevis, Spirits,3.82,2017
Saint Kitts and Nevis, Spirits,3.76,2018
Saint Lucia,Spirits,7.16,2005
Saint Lucia,Spirits,7.07,2006
Saint Lucia,Spirits,6.56,2007
Saint Lucia,Spirits,6.45,2008
Saint Lucia,Spirits,5.9,2009
Saint Lucia, Spirits,5.55,2010
Saint Lucia, Spirits,5.32,2011
Saint Lucia, Spirits,5.03,2012
Saint Lucia, Spirits,4.66,2013
Saint Lucia, Spirits,4.79,2014
Saint Lucia, Spirits,4.87,2015
Saint Lucia, Spirits,4.97,2016
Saint Lucia, Spirits,5.05,2017
Saint Lucia, Spirits,5.11,2018
Saint Vincent and the Grenadines,Spirits,3.32,2005
Saint Vincent and the Grenadines,Spirits,2.95,2006
Saint Vincent and the Grenadines,Spirits,3,2007
Saint Vincent and the Grenadines,Spirits,4.1,2008
Saint Vincent and the Grenadines,Spirits,4,2009
Saint Vincent and the Grenadines, Spirits,4.22,2010
Saint Vincent and the Grenadines, Spirits,4.26,2011
Saint Vincent and the Grenadines, Spirits,4.15,2012
Saint Vincent and the Grenadines, Spirits,4.16,2013
Saint Vincent and the Grenadines, Spirits,4.12,2014
Saint Vincent and the Grenadines, Spirits,4.22,2015
Saint Vincent and the Grenadines, Spirits,4.45,2016
Saint Vincent and the Grenadines, Spirits,4.52,2017
Saint Vincent and the Grenadines, Spirits,4.56,2018
Samoa,Spirits,0.24,2005
Samoa,Spirits,0.07,2006
Samoa,Spirits,0.17,2007
Samoa,Spirits,0.27,2008
Samoa,Spirits,0.26,2009
Samoa, Spirits,0.35,2010
Samoa, Spirits,0.12,2011
Samoa, Spirits,0,2012
Samoa, Spirits,0,2013
Samoa, Spirits,0,2014
Samoa, Spirits,0,2015
Samoa, Spirits,0,2016
Samoa, Spirits,0,2017
Samoa, Spirits,0,2018
Sao Tome and Principe,Spirits,0.83,2005
Sao Tome and Principe,Spirits,0.61,2006
Sao Tome and Principe,Spirits,0.62,2007
Sao Tome and Principe,Spirits,0.74,2008
Sao Tome and Principe,Spirits,0.6,2009
Sao Tome and Principe, Spirits,0.56,2010
Sao Tome and Principe, Spirits,0.54,2011
Sao Tome and Principe, Spirits,0,2012
Sao Tome and Principe, Spirits,0,2013
Sao Tome and Principe, Spirits,0,2014
Sao Tome and Principe, Spirits,0,2015
Sao Tome and Principe, Spirits,0,2016
Sao Tome and Principe, Spirits,0,2017
Sao Tome and Principe, Spirits,0,2018
Saudi Arabia,Spirits,0.05,2005
Saudi Arabia,Spirits,0.08,2006
Saudi Arabia,Spirits,0.09,2007
Saudi Arabia,Spirits,0.08,2008
Saudi Arabia,Spirits,0.09,2009
Saudi Arabia, Spirits,0.08,2010
Saudi Arabia, Spirits,0.09,2011
Saudi Arabia, Spirits,0.08,2012
Saudi Arabia, Spirits,0.08,2013
Saudi Arabia, Spirits,0.08,2014
Saudi Arabia, Spirits,0.08,2015
Saudi Arabia, Spirits,0.08,2016
Saudi Arabia, Spirits,0.07,2017
Saudi Arabia, Spirits,0.07,2018
Senegal,Spirits,0.04,2005
Senegal,Spirits,0.05,2006
Senegal,Spirits,0.03,2007
Senegal,Spirits,0.03,2008
Senegal,Spirits,0.03,2009
Senegal, Spirits,0.03,2010
Senegal, Spirits,0.03,2011
Senegal, Spirits,0.02,2012
Senegal, Spirits,0.03,2013
Senegal, Spirits,0.02,2014
Senegal, Spirits,0.02,2015
Senegal, Spirits,0.02,2016
Senegal, Spirits,0.02,2017
Senegal, Spirits,0.02,2018
Serbia,Spirits,,2005
Serbia,Spirits,2.32,2006
Serbia,Spirits,2.29,2007
Serbia,Spirits,2.29,2008
Serbia,Spirits,2.29,2009
Serbia, Spirits,2.28,2010
Serbia, Spirits,2.28,2011
Serbia, Spirits,2.28,2012
Serbia, Spirits,2.25,2013
Serbia, Spirits,2.27,2014
Serbia, Spirits,2.29,2015
Serbia, Spirits,2.33,2016
Serbia, Spirits,2.35,2017
Serbia, Spirits,2.38,2018
Seychelles,Spirits,0.82,2005
Seychelles,Spirits,0.8,2006
Seychelles,Spirits,1.38,2007
Seychelles,Spirits,0.81,2008
Seychelles,Spirits,0.89,2009
Seychelles, Spirits,5.98,2010
Seychelles, Spirits,6.69,2011
Seychelles, Spirits,7.29,2012
Seychelles, Spirits,7.07,2013
Seychelles, Spirits,7.2,2014
Seychelles, Spirits,7.24,2015
Seychelles, Spirits,7.25,2016
Seychelles, Spirits,6.99,2017
Seychelles, Spirits,6.73,2018
Sierra Leone,Spirits,0.02,2005
Sierra Leone,Spirits,0.01,2006
Sierra Leone,Spirits,0.01,2007
Sierra Leone,Spirits,0.01,2008
Sierra Leone,Spirits,0.05,2009
Sierra Leone, Spirits,0.02,2010
Sierra Leone, Spirits,0.02,2011
Sierra Leone, Spirits,0,2012
Sierra Leone, Spirits,0,2013
Sierra Leone, Spirits,0,2014
Sierra Leone, Spirits,0,2015
Sierra Leone, Spirits,0,2016
Sierra Leone, Spirits,0,2017
Sierra Leone, Spirits,0,2018
Singapore,Spirits,0.18,2005
Singapore,Spirits,0.19,2006
Singapore,Spirits,0.22,2007
Singapore,Spirits,0.22,2008
Singapore,Spirits,0.25,2009
Singapore, Spirits,0.27,2010
Singapore, Spirits,0.28,2011
Singapore, Spirits,0.29,2012
Singapore, Spirits,0.3,2013
Singapore, Spirits,0.24,2014
Singapore, Spirits,0.25,2015
Singapore, Spirits,0.25,2016
Singapore, Spirits,0.24,2017
Singapore, Spirits,0.27,2018
Slovakia,Spirits,5.41,2005
Slovakia,Spirits,4.31,2006
Slovakia,Spirits,4.89,2007
Slovakia,Spirits,5.58,2008
Slovakia,Spirits,4.62,2009
Slovakia, Spirits,4.61,2010
Slovakia, Spirits,4.48,2011
Slovakia, Spirits,4.36,2012
Slovakia, Spirits,4.13,2013
Slovakia, Spirits,4.13,2014
Slovakia, Spirits,4.25,2015
Slovakia, Spirits,4.25,2016
Slovakia, Spirits,4.14,2017
Slovakia, Spirits,4.14,2018
Slovenia,Spirits,1.09,2005
Slovenia,Spirits,1.13,2006
Slovenia,Spirits,1.24,2007
Slovenia,Spirits,1.2,2008
Slovenia,Spirits,0.88,2009
Slovenia, Spirits,0.89,2010
Slovenia, Spirits,0.86,2011
Slovenia, Spirits,0.87,2012
Slovenia, Spirits,0.89,2013
Slovenia, Spirits,0.82,2014
Slovenia, Spirits,0.86,2015
Slovenia, Spirits,0.84,2016
Slovenia, Spirits,0.93,2017
Slovenia, Spirits,1.2,2018
Solomon Islands,Spirits,0.41,2005
Solomon Islands,Spirits,0.03,2006
Solomon Islands,Spirits,0.05,2007
Solomon Islands,Spirits,0.04,2008
Solomon Islands,Spirits,0.22,2009
Solomon Islands, Spirits,0.07,2010
Solomon Islands, Spirits,0.03,2011
Solomon Islands, Spirits,0,2012
Solomon Islands, Spirits,0,2013
Solomon Islands, Spirits,0,2014
Solomon Islands, Spirits,0,2015
Solomon Islands, Spirits,0,2016
Solomon Islands, Spirits,0,2017
Solomon Islands, Spirits,0,2018
Somalia,Spirits,0,2005
Somalia,Spirits,0,2006
Somalia,Spirits,0,2007
Somalia,Spirits,0,2008
Somalia,Spirits,0,2009
Somalia, Spirits,0,2010
Somalia, Spirits,0,2011
Somalia, Spirits,0,2012
Somalia, Spirits,0.01,2013
Somalia, Spirits,0.01,2014
Somalia, Spirits,0,2015
Somalia, Spirits,0,2016
Somalia, Spirits,0,2017
Somalia, Spirits,0,2018
South Africa,Spirits,1.32,2005
South Africa,Spirits,1.36,2006
South Africa,Spirits,1.39,2007
South Africa,Spirits,1.39,2008
South Africa,Spirits,1.31,2009
South Africa, Spirits,1.29,2010
South Africa, Spirits,1.32,2011
South Africa, Spirits,1.33,2012
South Africa, Spirits,1.3,2013
South Africa, Spirits,1.29,2014
South Africa, Spirits,1.26,2015
South Africa, Spirits,1.27,2016
South Africa, Spirits,1.3,2017
South Africa, Spirits,1.32,2018
South Korea,Spirits,0.34,2005
South Korea,Spirits,0.33,2006
South Korea,Spirits,0.37,2007
South Korea,Spirits,0.33,2008
South Korea,Spirits,0.27,2009
South Korea, Spirits,0.4,2010
South Korea, Spirits,0.38,2011
South Korea, Spirits,0.37,2012
South Korea, Spirits,0.38,2013
South Korea, Spirits,0.39,2014
South Korea, Spirits,0.34,2015
South Korea, Spirits,0.3,2016
South Korea, Spirits,0.28,2017
South Korea, Spirits,0.28,2018
Spain,Spirits,3.27,2005
Spain,Spirits,3.28,2006
Spain,Spirits,3.18,2007
Spain,Spirits,2.88,2008
Spain,Spirits,2.73,2009
Spain, Spirits,2.64,2010
Spain, Spirits,2.5,2011
Spain, Spirits,2.27,2012
Spain, Spirits,2.26,2013
Spain, Spirits,2.24,2014
Spain, Spirits,2.31,2015
Spain, Spirits,2.46,2016
Spain, Spirits,2.3,2017
Spain, Spirits,2.29,2018
Sri Lanka,Spirits,1.63,2005
Sri Lanka,Spirits,1.72,2006
Sri Lanka,Spirits,2.05,2007
Sri Lanka,Spirits,1.86,2008
Sri Lanka,Spirits,1.81,2009
Sri Lanka, Spirits,1.97,2010
Sri Lanka, Spirits,2.7,2011
Sri Lanka, Spirits,2.42,2012
Sri Lanka, Spirits,2.18,2013
Sri Lanka, Spirits,2.03,2014
Sri Lanka, Spirits,2.31,2015
Sri Lanka, Spirits,2.38,2016
Sri Lanka, Spirits,2.32,2017
Sri Lanka, Spirits,2.32,2018
Sudan, Spirits,,2010
Sudan, Spirits,0.38,2011
Sudan, Spirits,0,2012
Sudan, Spirits,0.02,2013
Sudan, Spirits,0.02,2014
Sudan, Spirits,0.02,2015
Sudan, Spirits,0.01,2016
Sudan, Spirits,0.01,2017
Sudan, Spirits,0.01,2018
Suriname,Spirits,2.75,2005
Suriname,Spirits,2.64,2006
Suriname,Spirits,2.69,2007
Suriname,Spirits,2.62,2008
Suriname,Spirits,2.65,2009
Suriname, Spirits,2.9,2010
Suriname, Spirits,3.21,2011
Suriname, Spirits,3.29,2012
Suriname, Spirits,3.36,2013
Suriname, Spirits,2.94,2014
Suriname, Spirits,2.44,2015
Suriname, Spirits,2.19,2016
Suriname, Spirits,2.29,2017
Suriname, Spirits,2.29,2018
Swaziland, Spirits,0.02,2010
Swaziland, Spirits,0.13,2011
Swaziland, Spirits,0,2012
Swaziland, Spirits,0,2013
Swaziland, Spirits,0,2014
Swaziland, Spirits,0,2015
Swaziland, Spirits,0,2016
Swaziland, Spirits,0,2017
Swaziland, Spirits,0,2018
Sweden,Spirits,1.09,2005
Sweden,Spirits,1.1,2006
Sweden,Spirits,1.09,2007
Sweden,Spirits,1.11,2008
Sweden,Spirits,1.13,2009
Sweden, Spirits,1.11,2010
Sweden, Spirits,1.05,2011
Sweden, Spirits,1.05,2012
Sweden, Spirits,1.06,2013
Sweden, Spirits,0.99,2014
Sweden, Spirits,1,2015
Sweden, Spirits,1,2016
Sweden, Spirits,0.99,2017
Sweden, Spirits,1,2018
Switzerland,Spirits,1.79,2005
Switzerland,Spirits,1.91,2006
Switzerland,Spirits,1.9,2007
Switzerland,Spirits,1.89,2008
Switzerland,Spirits,1.89,2009
Switzerland, Spirits,1.77,2010
Switzerland, Spirits,1.88,2011
Switzerland, Spirits,1.88,2012
Switzerland, Spirits,1.76,2013
Switzerland, Spirits,1.76,2014
Switzerland, Spirits,1.76,2015
Switzerland, Spirits,1.76,2016
Switzerland, Spirits,1.76,2017
Switzerland, Spirits,1.65,2018
Syria,Spirits,0.74,2005
Syria,Spirits,0.71,2006
Syria,Spirits,0.69,2007
Syria,Spirits,0.68,2008
Syria,Spirits,0.66,2009
Syria, Spirits,0.65,2010
Syria, Spirits,0.51,2011
Syria, Spirits,0.19,2012
Syria, Spirits,0.13,2013
Syria, Spirits,0.18,2014
Syria, Spirits,0.2,2015
Syria, Spirits,0.15,2016
Syria, Spirits,0.1,2017
Syria, Spirits,0.13,2018
Tajikistan,Spirits,0.32,2005
Tajikistan,Spirits,0.29,2006
Tajikistan,Spirits,0.26,2007
Tajikistan,Spirits,0.21,2008
Tajikistan,Spirits,0.39,2009
Tajikistan, Spirits,0.36,2010
Tajikistan, Spirits,0.32,2011
Tajikistan, Spirits,0.38,2012
Tajikistan, Spirits,0.38,2013
Tajikistan, Spirits,0.45,2014
Tajikistan, Spirits,0.53,2015
Tajikistan, Spirits,0.5,2016
Tajikistan, Spirits,0.47,2017
Tajikistan, Spirits,0.45,2018
Tanzania,Spirits,0.15,2005
Tanzania,Spirits,0.15,2006
Tanzania,Spirits,0.15,2007
Tanzania,Spirits,0.18,2008
Tanzania,Spirits,0.2,2009
Tanzania, Spirits,0.21,2010
Tanzania, Spirits,0.24,2011
Tanzania, Spirits,0.27,2012
Tanzania, Spirits,0.27,2013
Tanzania, Spirits,0.26,2014
Tanzania, Spirits,0.26,2015
Tanzania, Spirits,0.25,2016
Tanzania, Spirits,0.2,2017
Tanzania, Spirits,0.21,2018
Thailand,Spirits,4.49,2005
Thailand,Spirits,4.13,2006
Thailand,Spirits,4.13,2007
Thailand,Spirits,5.14,2008
Thailand,Spirits,4.59,2009
Thailand, Spirits,4.75,2010
Thailand, Spirits,5.08,2011
Thailand, Spirits,4.83,2012
Thailand, Spirits,4.4,2013
Thailand, Spirits,4.62,2014
Thailand, Spirits,4.53,2015
Thailand, Spirits,4.53,2016
Thailand, Spirits,4.53,2017
Thailand, Spirits,4.53,2018
Timor-Leste,Spirits,0,2005
Timor-Leste,Spirits,0.01,2006
Timor-Leste,Spirits,0.01,2007
Timor-Leste,Spirits,0.01,2008
Timor-Leste,Spirits,0.01,2009
Timor-Leste, Spirits,0.02,2010
Timor-Leste, Spirits,0.05,2011
Timor-Leste, Spirits,0,2012
Timor-Leste, Spirits,0,2013
Timor-Leste, Spirits,0,2014
Timor-Leste, Spirits,0,2015
Timor-Leste, Spirits,0,2016
Timor-Leste, Spirits,0,2017
Timor-Leste, Spirits,0,2018
Togo,Spirits,0.78,2005
Togo,Spirits,0.72,2006
Togo,Spirits,0.15,2007
Togo,Spirits,0.11,2008
Togo,Spirits,0.07,2009
Togo, Spirits,0.19,2010
Togo, Spirits,0.21,2011
Togo, Spirits,0.21,2012
Togo, Spirits,0.23,2013
Togo, Spirits,0.24,2014
Togo, Spirits,0.23,2015
Togo, Spirits,0.22,2016
Togo, Spirits,0.21,2017
Togo, Spirits,0.2,2018
Tonga,Spirits,0.63,2005
Tonga,Spirits,0.83,2006
Tonga,Spirits,1.02,2007
Tonga,Spirits,0.36,2008
Tonga,Spirits,0.35,2009
Tonga, Spirits,0.23,2010
Tonga, Spirits,0.32,2011
Tonga, Spirits,0.07,2012
Tonga, Spirits,0.1,2013
Tonga, Spirits,0.1,2014
Tonga, Spirits,0.1,2015
Tonga, Spirits,0.1,2016
Tonga, Spirits,0.1,2017
Tonga, Spirits,0.1,2018
Trinidad and Tobago,Spirits,2.72,2005
Trinidad and Tobago,Spirits,2.91,2006
Trinidad and Tobago,Spirits,2.92,2007
Trinidad and Tobago,Spirits,2.88,2008
Trinidad and Tobago,Spirits,2.83,2009
Trinidad and Tobago, Spirits,2.75,2010
Trinidad and Tobago, Spirits,2.75,2011
Trinidad and Tobago, Spirits,2.84,2012
Trinidad and Tobago, Spirits,2.78,2013
Trinidad and Tobago, Spirits,2.79,2014
Trinidad and Tobago, Spirits,2.77,2015
Trinidad and Tobago, Spirits,2.54,2016
Trinidad and Tobago, Spirits,2.47,2017
Trinidad and Tobago, Spirits,2.55,2018
Tunisia,Spirits,0.06,2005
Tunisia,Spirits,0.06,2006
Tunisia,Spirits,0.06,2007
Tunisia,Spirits,0.05,2008
Tunisia,Spirits,0.1,2009
Tunisia, Spirits,0.11,2010
Tunisia, Spirits,0.1,2011
Tunisia, Spirits,0.12,2012
Tunisia, Spirits,0.14,2013
Tunisia, Spirits,0.14,2014
Tunisia, Spirits,0.13,2015
Tunisia, Spirits,0.13,2016
Tunisia, Spirits,0.15,2017
Tunisia, Spirits,0.19,2018
Turkey,Spirits,0.49,2005
Turkey,Spirits,0.51,2006
Turkey,Spirits,0.46,2007
Turkey,Spirits,0.5,2008
Turkey,Spirits,0.51,2009
Turkey, Spirits,0.53,2010
Turkey, Spirits,0.58,2011
Turkey, Spirits,0.53,2012
Turkey, Spirits,0.51,2013
Turkey, Spirits,0.5,2014
Turkey, Spirits,0.47,2015
Turkey, Spirits,0.42,2016
Turkey, Spirits,0.44,2017
Turkey, Spirits,0.44,2018
Turkmenistan,Spirits,1.25,2005
Turkmenistan,Spirits,1.24,2006
Turkmenistan,Spirits,1.23,2007
Turkmenistan,Spirits,1.23,2008
Turkmenistan,Spirits,1.27,2009
Turkmenistan, Spirits,1.31,2010
Turkmenistan, Spirits,1.31,2011
Turkmenistan, Spirits,1.3,2012
Turkmenistan, Spirits,1.29,2013
Turkmenistan, Spirits,1.28,2014
Turkmenistan, Spirits,1.29,2015
Turkmenistan, Spirits,1.21,2016
Turkmenistan, Spirits,1.12,2017
Turkmenistan, Spirits,1.03,2018
Tuvalu,Spirits,0.62,2005
Tuvalu,Spirits,0.37,2006
Tuvalu,Spirits,0.49,2007
Tuvalu,Spirits,0.78,2008
Tuvalu,Spirits,0.72,2009
Tuvalu, Spirits,0.36,2010
Tuvalu, Spirits,0.06,2011
Tuvalu, Spirits,0.12,2012
Tuvalu, Spirits,0.23,2013
Tuvalu, Spirits,0.23,2014
Tuvalu, Spirits,0.23,2015
Tuvalu, Spirits,0.23,2016
Tuvalu, Spirits,0.23,2017
Tuvalu, Spirits,0.23,2018
Uganda,Spirits,0.19,2005
Uganda,Spirits,0.18,2006
Uganda,Spirits,0.17,2007
Uganda,Spirits,0.57,2008
Uganda,Spirits,0.55,2009
Uganda, Spirits,0.55,2010
Uganda, Spirits,0.55,2011
Uganda, Spirits,0.54,2012
Uganda, Spirits,0.54,2013
Uganda, Spirits,0.55,2014
Uganda, Spirits,0.56,2015
Uganda, Spirits,0.56,2016
Uganda, Spirits,0.61,2017
Uganda, Spirits,0.61,2018
Ukraine,Spirits,3.7,2005
Ukraine,Spirits,3.91,2006
Ukraine,Spirits,4.02,2007
Ukraine,Spirits,5.24,2008
Ukraine,Spirits,5.06,2009
Ukraine, Spirits,3.87,2010
Ukraine, Spirits,4.92,2011
Ukraine, Spirits,4.76,2012
Ukraine, Spirits,5.01,2013
Ukraine, Spirits,4.23,2014
Ukraine, Spirits,3.16,2015
Ukraine, Spirits,3.01,2016
Ukraine, Spirits,2.39,2017
Ukraine, Spirits,2.65,2018
United Arab Emirates,Spirits,2.14,2005
United Arab Emirates,Spirits,1.99,2006
United Arab Emirates,Spirits,1.85,2007
United Arab Emirates,Spirits,1.44,2008
United Arab Emirates,Spirits,1.41,2009
United Arab Emirates, Spirits,1.41,2010
United Arab Emirates, Spirits,1.47,2011
United Arab Emirates, Spirits,1.49,2012
United Arab Emirates, Spirits,1.55,2013
United Arab Emirates, Spirits,1.64,2014
United Arab Emirates, Spirits,1.75,2015
United Arab Emirates, Spirits,1.77,2016
United Arab Emirates, Spirits,1.76,2017
United Arab Emirates, Spirits,1.73,2018
United Kingdom,Spirits,2.46,2005
United Kingdom,Spirits,2.25,2006
United Kingdom,Spirits,2.33,2007
United Kingdom,Spirits,2.26,2008
United Kingdom,Spirits,2.12,2009
United Kingdom, Spirits,2.2,2010
United Kingdom, Spirits,2.12,2011
United Kingdom, Spirits,2.11,2012
United Kingdom, Spirits,2.04,2013
United Kingdom, Spirits,2.02,2014
United Kingdom, Spirits,2.08,2015
United Kingdom, Spirits,2.18,2016
United Kingdom, Spirits,2.26,2017
United Kingdom, Spirits,2.39,2018
United States,Spirits,2.65,2005
United States,Spirits,2.69,2006
United States,Spirits,2.73,2007
United States,Spirits,2.76,2008
United States,Spirits,2.76,2009
United States, Spirits,2.81,2010
United States, Spirits,2.89,2011
United States, Spirits,2.96,2012
United States, Spirits,2.99,2013
United States, Spirits,3.03,2014
United States, Spirits,3.07,2015
United States, Spirits,3.14,2016
United States, Spirits,3.18,2017
United States, Spirits,3.18,2018
Uruguay,Spirits,0.77,2005
Uruguay,Spirits,0.89,2006
Uruguay,Spirits,0.9,2007
Uruguay,Spirits,0.9,2008
Uruguay,Spirits,0.96,2009
Uruguay, Spirits,0.58,2010
Uruguay, Spirits,0.61,2011
Uruguay, Spirits,0.59,2012
Uruguay, Spirits,0.62,2013
Uruguay, Spirits,0.97,2014
Uruguay, Spirits,0.96,2015
Uruguay, Spirits,0.85,2016
Uruguay, Spirits,0.79,2017
Uruguay, Spirits,0.73,2018
Uzbekistan,Spirits,1.15,2005
Uzbekistan,Spirits,1.07,2006
Uzbekistan,Spirits,0.95,2007
Uzbekistan,Spirits,0.82,2008
Uzbekistan,Spirits,0.82,2009
Uzbekistan, Spirits,0.81,2010
Uzbekistan, Spirits,0.81,2011
Uzbekistan, Spirits,0.8,2012
Uzbekistan, Spirits,0.88,2013
Uzbekistan, Spirits,0.89,2014
Uzbekistan, Spirits,0.88,2015
Uzbekistan, Spirits,0.87,2016
Uzbekistan, Spirits,0.87,2017
Uzbekistan, Spirits,0.88,2018
Vanuatu,Spirits,0.19,2005
Vanuatu,Spirits,0.36,2006
Vanuatu,Spirits,0.39,2007
Vanuatu,Spirits,0.57,2008
Vanuatu,Spirits,0.28,2009
Vanuatu, Spirits,0.65,2010
Vanuatu, Spirits,1.11,2011
Vanuatu, Spirits,1.07,2012
Vanuatu, Spirits,0.92,2013
Vanuatu, Spirits,0.92,2014
Vanuatu, Spirits,0.92,2015
Vanuatu, Spirits,0.92,2016
Vanuatu, Spirits,0.92,2017
Vanuatu, Spirits,0.92,2018
Venezuela,Spirits,1.6,2005
Venezuela,Spirits,1.71,2006
Venezuela,Spirits,1.69,2007
Venezuela,Spirits,1.66,2008
Venezuela,Spirits,1.63,2009
Venezuela, Spirits,1.62,2010
Venezuela, Spirits,1.53,2011
Venezuela, Spirits,1.63,2012
Venezuela, Spirits,1.62,2013
Venezuela, Spirits,1.35,2014
Venezuela, Spirits,1.22,2015
Venezuela, Spirits,1.14,2016
Venezuela, Spirits,1.12,2017
Venezuela, Spirits,0.84,2018
Vietnam,Spirits,0.06,2005
Vietnam,Spirits,0.07,2006
Vietnam,Spirits,0.07,2007
Vietnam,Spirits,0.14,2008
Vietnam,Spirits,0.15,2009
Vietnam, Spirits,0.16,2010
Vietnam, Spirits,0.19,2011
Vietnam, Spirits,0.21,2012
Vietnam, Spirits,0.21,2013
Vietnam, Spirits,0.23,2014
Vietnam, Spirits,0.26,2015
Vietnam, Spirits,0.27,2016
Vietnam, Spirits,0.24,2017
Vietnam, Spirits,0.23,2018
Yemen,Spirits,0,2005
Yemen,Spirits,0,2006
Yemen,Spirits,0,2007
Yemen,Spirits,0,2008
Yemen,Spirits,0,2009
Yemen, Spirits,0,2010
Yemen, Spirits,0,2011
Yemen, Spirits,0,2012
Yemen, Spirits,0,2013
Yemen, Spirits,0,2014
Yemen, Spirits,0,2015
Yemen, Spirits,0,2016
Yemen, Spirits,0,2017
Yemen, Spirits,0,2018
Zambia,Spirits,0.27,2005
Zambia,Spirits,0.28,2006
Zambia,Spirits,0.28,2007
Zambia,Spirits,0.29,2008
Zambia,Spirits,0.34,2009
Zambia, Spirits,0.35,2010
Zambia, Spirits,0.34,2011
Zambia, Spirits,0.38,2012
Zambia, Spirits,0.01,2013
Zambia, Spirits,0.7,2014
Zambia, Spirits,0.62,2015
Zambia, Spirits,0.62,2016
Zambia, Spirits,0.62,2017
Zambia, Spirits,0.62,2018
Zimbabwe,Spirits,0.37,2005
Zimbabwe,Spirits,0.37,2006
Zimbabwe,Spirits,0.36,2007
Zimbabwe,Spirits,0.36,2008
Zimbabwe,Spirits,0.34,2009
Zimbabwe, Spirits,0.32,2010
Zimbabwe, Spirits,0.31,2011
Zimbabwe, Spirits,0.42,2012
Zimbabwe, Spirits,0.41,2013
Zimbabwe, Spirits,0.27,2014
Zimbabwe, Spirits,0.27,2015
Zimbabwe, Spirits,0.27,2016
Zimbabwe, Spirits,0.27,2017
Zimbabwe, Spirits,0.27,2018
